timestamp,value,label
1578363000000,72.0,0.0
1578363300000,122.2,0.0
1578363600000,172.4,0.0
1578363900000,222.6,0.0
1578364200000,272.8,0.0
1578364500000,323.0,0.0
1578364800000,323.0,0.0
1578365100000,215.66666666666669,0.0
1578365400000,108.33333333333334,0.0
1578365700000,1.0,0.0
1578366000000,217.0,0.0
1578366300000,188.0,0.0
1578366600000,293.0,0.0
1578366900000,154.0,0.0
1578367200000,126.0,0.0
1578367500000,27.0,0.0
1578367800000,116.0,0.0
1578368100000,73.0,0.0
1578368400000,105.0,0.0
1578368700000,124.0,0.0
1578369000000,239.0,0.0
1578369300000,454.0,0.0
1578369600000,562.0,0.0
1578369900000,647.0,0.0
1578370200000,403.0,0.0
1578370500000,440.0,0.0
1578370800000,466.0,0.0
1578371100000,601.0,0.0
1578371400000,617.0,0.0
1578371700000,814.0,0.0
1578372000000,671.0,0.0
1578372300000,577.0,0.0
1578372600000,536.0,0.0
1578372900000,518.0,0.0
1578373200000,467.0,0.0
1578373500000,363.0,0.0
1578373800000,345.0,0.0
1578374100000,310.0,0.0
1578374400000,329.0,0.0
1578374700000,312.0,0.0
1578375000000,574.0,0.0
1578375300000,613.0,0.0
1578375600000,623.0,0.0
1578375900000,597.0,0.0
1578376200000,424.0,0.0
1578376500000,468.0,0.0
1578376800000,486.0,0.0
1578377100000,490.0,0.0
1578377400000,595.0,0.0
1578377700000,746.0,0.0
1578378000000,673.0,0.0
1578378300000,287.0,0.0
1578378600000,258.0,0.0
1578378900000,381.0,0.0
1578379200000,238.0,0.0
1578379500000,184.0,0.0
1578379800000,286.0,0.0
1578380100000,252.0,0.0
1578380400000,264.0,0.0
1578380700000,203.0,0.0
1578381000000,266.0,0.0
1578381300000,511.0,0.0
1578381600000,146.0,0.0
1578381900000,571.0,0.0
1578382200000,353.0,0.0
1578382500000,233.0,0.0
1578382800000,138.0,0.0
1578383100000,72.0,0.0
1578383400000,305.0,0.0
1578383700000,232.0,0.0
1578384000000,69.0,0.0
1578384300000,304.0,0.0
1578384600000,246.0,0.0
1578384900000,74.0,0.0
1578385200000,245.0,0.0
1578385500000,253.0,0.0
1578385800000,176.0,0.0
1578386100000,275.0,0.0
1578386400000,217.0,0.0
1578386700000,379.0,0.0
1578387000000,974.0,0.0
1578387300000,1340.0,0.0
1578387600000,676.0,0.0
1578387900000,931.0,0.0
1578388200000,788.0,0.0
1578388500000,787.0,0.0
1578388800000,723.0,0.0
1578389100000,702.0,0.0
1578389400000,590.0,0.0
1578389700000,576.0,0.0
1578390000000,582.0,0.0
1578390300000,602.0,0.0
1578390600000,628.0,0.0
1578390900000,432.0,0.0
1578391200000,346.0,0.0
1578391500000,348.0,0.0
1578391800000,350.0,0.0
1578392100000,306.0,0.0
1578392400000,751.0,0.0
1578392700000,773.0,0.0
1578393000000,714.0,0.0
1578393300000,839.0,0.0
1578393600000,697.0,0.0
1578393900000,466.0,0.0
1578394200000,410.0,0.0
1578394500000,475.0,0.0
1578394800000,453.0,0.0
1578395100000,409.0,0.0
1578395400000,659.0,0.0
1578395700000,864.0,0.0
1578396000000,676.0,0.0
1578396300000,746.0,0.0
1578396600000,727.0,0.0
1578396900000,519.0,0.0
1578397200000,394.0,0.0
1578397500000,471.0,0.0
1578397800000,520.0,0.0
1578398100000,448.0,0.0
1578398400000,802.0,0.0
1578398700000,1097.0,0.0
1578399000000,1060.0,0.0
1578399300000,1158.0,0.0
1578399600000,1178.0,0.0
1578399900000,1193.0,0.0
1578400200000,1207.0,0.0
1578400500000,1074.0,0.0
1578400800000,1010.0,0.0
1578401100000,1093.0,0.0
1578401400000,1150.0,0.0
1578401700000,1150.0,0.0
1578402000000,1274.0,0.0
1578402300000,1096.0,0.0
1578402600000,1096.0,0.0
1578402900000,1104.0,0.0
1578403200000,1198.0,0.0
1578403500000,1115.0,0.0
1578403800000,1122.0,0.0
1578404100000,1110.0,0.0
1578404400000,942.0,0.0
1578404700000,916.0,0.0
1578405000000,1003.0,0.0
1578405300000,1040.0,0.0
1578405600000,980.0,0.0
1578405900000,1213.0,0.0
1578406200000,914.0,0.0
1578406500000,778.0,0.0
1578406800000,876.0,0.0
1578407100000,894.0,0.0
1578407400000,803.0,0.0
1578407700000,655.0,0.0
1578408000000,748.0,0.0
1578408300000,780.0,0.0
1578408600000,741.0,0.0
1578408900000,750.0,0.0
1578409200000,545.0,0.0
1578409500000,546.0,0.0
1578409800000,478.0,0.0
1578410100000,477.0,0.0
1578410400000,380.0,0.0
1578410700000,441.0,0.0
1578411000000,396.0,0.0
1578411300000,375.0,0.0
1578411600000,344.0,0.0
1578411900000,243.0,0.0
1578412200000,273.0,0.0
1578412500000,288.0,0.0
1578412800000,257.0,0.0
1578413100000,249.0,0.0
1578413400000,124.0,0.0
1578413700000,125.0,0.0
1578414000000,63.0,0.0
1578414300000,60.0,0.0
1578414600000,49.0,0.0
1578414900000,52.0,0.0
1578415200000,56.0,0.0
1578415500000,39.0,0.0
1578415800000,32.0,0.0
1578416100000,14.0,0.0
1578416400000,24.0,0.0
1578416700000,35.0,0.0
1578417000000,13.0,0.0
1578417300000,14.0,0.0
1578417600000,33.0,0.0
1578417900000,4.0,0.0
1578418200000,75.0,0.0
1578418500000,15.0,0.0
1578418800000,2.0,0.0
1578419100000,12.0,0.0
1578419400000,9.5,0.0
1578419700000,7.0,0.0
1578420000000,5.0,0.0
1578420300000,1.0,0.0
1578420600000,4.0,0.0
1578420900000,2.5,0.0
1578421200000,1.0,0.0
1578421500000,2.5,0.0
1578421800000,4.0,0.0
1578422100000,5.0,0.0
1578422400000,6.0,0.0
1578422700000,7.0,0.0
1578423000000,8.0,0.0
1578423300000,2.0,0.0
1578423600000,9.0,0.0
1578423900000,42.0,0.0
1578424200000,2.0,0.0
1578424500000,5.0,0.0
1578424800000,7.0,0.0
1578425100000,16.0,0.0
1578425400000,7.0,0.0
1578425700000,1.0,0.0
1578426000000,5.0,0.0
1578426300000,4.5,0.0
1578426600000,4.0,0.0
1578426900000,4.0,0.0
1578427200000,4.0,0.0
1578427500000,14.0,0.0
1578427800000,1.0,0.0
1578428100000,5.5,0.0
1578428400000,10.0,0.0
1578428700000,3.0,0.0
1578429000000,5.0,0.0
1578429300000,12.0,0.0
1578429600000,4.0,0.0
1578429900000,4.0,0.0
1578430200000,5.0,0.0
1578430500000,7.333333333333334,0.0
1578430800000,9.666666666666668,0.0
1578431100000,12.0,0.0
1578431400000,5.0,0.0
1578431700000,14.0,0.0
1578432000000,1.0,0.0
1578432300000,10.0,0.0
1578432600000,7.0,0.0
1578432900000,9.0,0.0
1578433200000,13.0,0.0
1578433500000,13.0,0.0
1578433800000,9.0,0.0
1578434100000,9.0,0.0
1578434400000,20.0,0.0
1578434700000,14.0,0.0
1578435000000,12.0,0.0
1578435300000,22.0,0.0
1578435600000,1.0,0.0
1578435900000,13.0,0.0
1578436200000,11.0,0.0
1578436500000,86.0,0.0
1578436800000,29.0,0.0
1578437100000,17.0,0.0
1578437400000,24.0,0.0
1578437700000,33.0,0.0
1578438000000,34.0,0.0
1578438300000,27.0,0.0
1578438600000,62.0,0.0
1578438900000,47.0,0.0
1578439200000,80.0,0.0
1578439500000,39.0,0.0
1578439800000,43.0,0.0
1578440100000,52.0,0.0
1578440400000,47.0,0.0
1578440700000,46.0,0.0
1578441000000,44.0,0.0
1578441300000,48.0,0.0
1578441600000,51.0,0.0
1578441900000,71.0,0.0
1578442200000,116.0,0.0
1578442500000,143.0,0.0
1578442800000,123.0,0.0
1578443100000,165.0,0.0
1578443400000,269.0,0.0
1578443700000,220.0,0.0
1578444000000,286.0,0.0
1578444300000,358.0,0.0
1578444600000,274.0,0.0
1578444900000,312.0,0.0
1578445200000,330.0,0.0
1578445500000,273.0,0.0
1578445800000,350.0,0.0
1578446100000,305.0,0.0
1578446400000,275.0,0.0
1578446700000,323.0,0.0
1578447000000,195.0,0.0
1578447300000,76.0,0.0
1578447600000,180.0,0.0
1578447900000,204.0,0.0
1578448200000,241.0,0.0
1578448500000,208.0,0.0
1578448800000,266.0,0.0
1578449100000,307.0,0.0
1578449400000,51.0,0.0
1578449700000,276.0,0.0
1578450000000,85.0,0.0
1578450300000,26.0,0.0
1578450600000,89.0,0.0
1578450900000,124.0,0.0
1578451200000,11.0,0.0
1578451500000,71.0,0.0
1578451800000,158.0,0.0
1578452100000,139.0,0.0
1578452400000,185.0,0.0
1578452700000,84.0,0.0
1578453000000,108.0,0.0
1578453300000,312.0,0.0
1578453600000,127.0,0.0
1578453900000,177.0,0.0
1578454200000,177.0,0.0
1578454500000,376.0,0.0
1578454800000,357.0,0.0
1578455100000,966.0,0.0
1578455400000,675.0,0.0
1578455700000,508.0,0.0
1578456000000,512.0,0.0
1578456300000,534.0,0.0
1578456600000,498.0,0.0
1578456900000,494.0,0.0
1578457200000,384.0,0.0
1578457500000,472.0,0.0
1578457800000,430.0,0.0
1578458100000,517.0,0.0
1578458400000,361.0,0.0
1578458700000,414.0,0.0
1578459000000,506.0,0.0
1578459300000,445.0,0.0
1578459600000,423.0,0.0
1578459900000,413.0,0.0
1578460200000,439.0,0.0
1578460500000,610.0,0.0
1578460800000,550.0,0.0
1578461100000,525.0,0.0
1578461400000,512.0,0.0
1578461700000,217.0,0.0
1578462000000,237.0,0.0
1578462300000,252.0,0.0
1578462600000,215.0,0.0
1578462900000,504.0,0.0
1578463200000,490.0,0.0
1578463500000,482.0,0.0
1578463800000,488.0,0.0
1578464100000,518.0,0.0
1578464400000,482.0,0.0
1578464700000,601.0,0.0
1578465000000,439.0,0.0
1578465300000,675.0,0.0
1578465600000,608.0,0.0
1578465900000,433.0,0.0
1578466200000,412.0,0.0
1578466500000,422.0,0.0
1578466800000,1041.0,0.0
1578467100000,902.0,0.0
1578467400000,967.0,0.0
1578467700000,958.0,0.0
1578468000000,895.0,0.0
1578468300000,962.0,0.0
1578468600000,968.0,0.0
1578468900000,871.0,0.0
1578469200000,834.0,0.0
1578469500000,812.0,0.0
1578469800000,382.0,0.0
1578470100000,330.0,0.0
1578470400000,229.0,0.0
1578470700000,149.0,0.0
1578471000000,425.0,0.0
1578471300000,280.0,0.0
1578471600000,163.0,0.0
1578471900000,335.0,0.0
1578472200000,154.0,0.0
1578472500000,244.0,0.0
1578472800000,209.0,0.0
1578473100000,555.0,0.0
1578473400000,587.0,0.0
1578473700000,768.0,0.0
1578474000000,974.0,0.0
1578474300000,905.0,0.0
1578474600000,958.0,0.0
1578474900000,1054.0,0.0
1578475200000,1183.0,0.0
1578475500000,1017.0,0.0
1578475800000,1374.0,0.0
1578476100000,1119.0,0.0
1578476400000,1260.0,0.0
1578476700000,853.0,0.0
1578477000000,780.0,0.0
1578477300000,826.0,0.0
1578477600000,439.0,0.0
1578477900000,307.0,0.0
1578478200000,407.0,0.0
1578478500000,343.0,0.0
1578478800000,335.0,0.0
1578479100000,667.0,0.0
1578479400000,411.0,0.0
1578479700000,612.0,0.0
1578480000000,524.0,0.0
1578480300000,635.0,0.0
1578480600000,901.0,0.0
1578480900000,1080.0,0.0
1578481200000,930.0,0.0
1578481500000,848.0,0.0
1578481800000,826.0,0.0
1578482100000,1077.0,0.0
1578482400000,854.0,0.0
1578482700000,844.0,0.0
1578483000000,1115.0,0.0
1578483300000,856.0,0.0
1578483600000,920.0,0.0
1578483900000,1497.0,0.0
1578484200000,897.0,0.0
1578484500000,1255.0,0.0
1578484800000,1194.0,0.0
1578485100000,962.0,0.0
1578485400000,1003.0,0.0
1578485700000,1052.0,0.0
1578486000000,1304.0,0.0
1578486300000,1151.0,0.0
1578486600000,1379.0,0.0
1578486900000,1478.0,0.0
1578487200000,1393.0,0.0
1578487500000,1203.0,0.0
1578487800000,1196.0,0.0
1578488100000,1188.0,0.0
1578488400000,1104.0,0.0
1578488700000,1166.0,0.0
1578489000000,1251.0,0.0
1578489300000,1070.0,0.0
1578489600000,1104.0,0.0
1578489900000,1026.0,0.0
1578490200000,1062.0,0.0
1578490500000,1144.0,0.0
1578490800000,1260.0,0.0
1578491100000,1241.0,0.0
1578491400000,965.0,0.0
1578491700000,1140.0,0.0
1578492000000,1037.0,0.0
1578492300000,879.0,0.0
1578492600000,962.0,0.0
1578492900000,983.0,0.0
1578493200000,787.0,0.0
1578493500000,721.0,0.0
1578493800000,885.0,0.0
1578494100000,1001.0,0.0
1578494400000,864.0,0.0
1578494700000,861.0,0.0
1578495000000,703.0,0.0
1578495300000,775.0,0.0
1578495600000,669.0,0.0
1578495900000,689.0,0.0
1578496200000,558.0,0.0
1578496500000,515.0,0.0
1578496800000,458.0,0.0
1578497100000,567.0,0.0
1578497400000,582.0,0.0
1578497700000,553.0,0.0
1578498000000,457.0,0.0
1578498300000,466.0,0.0
1578498600000,396.0,0.0
1578498900000,349.0,0.0
1578499200000,299.0,0.0
1578499500000,479.0,0.0
1578499800000,502.0,0.0
1578500100000,412.0,0.0
1578500400000,245.0,0.0
1578500700000,132.0,0.0
1578501000000,88.0,0.0
1578501300000,125.0,0.0
1578501600000,63.0,0.0
1578501900000,45.0,0.0
1578502200000,27.0,0.0
1578502500000,21.0,0.0
1578502800000,44.0,0.0
1578503100000,63.0,0.0
1578503400000,22.0,0.0
1578503700000,15.0,0.0
1578504000000,24.0,0.0
1578504300000,28.0,0.0
1578504600000,4.0,0.0
1578504900000,11.0,0.0
1578505200000,7.5,0.0
1578505500000,4.0,0.0
1578505800000,2.0,0.0
1578506100000,11.0,0.0
1578506400000,6.0,0.0
1578506700000,19.0,0.0
1578507000000,14.0,0.0
1578507300000,9.0,0.0
1578507600000,4.0,0.0
1578507900000,6.0,0.0
1578508200000,8.0,0.0
1578508500000,10.0,0.0
1578508800000,12.0,0.0
1578509100000,4.0,0.0
1578509400000,6.0,0.0
1578509700000,8.0,0.0
1578510000000,1.0,0.0
1578510300000,47.0,0.0
1578510600000,13.0,0.0
1578510900000,10.0,0.0
1578511200000,7.0,0.0
1578511500000,4.0,0.0
1578511800000,2.0,0.0
1578512100000,8.5,0.0
1578512400000,15.0,0.0
1578512700000,10.5,0.0
1578513000000,6.0,0.0
1578513300000,3.0,0.0
1578513600000,7.0,0.0
1578513900000,14.0,0.0
1578514200000,12.0,0.0
1578514500000,10.0,0.0
1578514800000,8.0,0.0
1578515100000,4.0,0.0
1578515400000,8.0,0.0
1578515700000,14.0,0.0
1578516000000,15.0,0.0
1578516300000,1.0,0.0
1578516600000,1.0,0.0
1578516900000,10.0,0.0
1578517200000,5.0,0.0
1578517500000,8.0,0.0
1578517800000,3.0,0.0
1578518100000,9.0,0.0
1578518400000,9.0,0.0
1578518700000,6.0,0.0
1578519000000,11.0,0.0
1578519300000,4.0,0.0
1578519600000,17.0,0.0
1578519900000,4.0,0.0
1578520200000,16.0,0.0
1578520500000,12.0,0.0
1578520800000,13.0,0.0
1578521100000,30.0,0.0
1578521400000,51.0,0.0
1578521700000,11.0,0.0
1578522000000,20.0,0.0
1578522300000,30.0,0.0
1578522600000,8.0,0.0
1578522900000,60.0,0.0
1578523200000,28.0,0.0
1578523500000,32.0,0.0
1578523800000,36.0,0.0
1578524100000,34.0,0.0
1578524400000,36.0,0.0
1578524700000,42.0,0.0
1578525000000,46.0,0.0
1578525300000,65.0,0.0
1578525600000,47.0,0.0
1578525900000,50.0,0.0
1578526200000,46.0,0.0
1578526500000,43.0,0.0
1578526800000,20.0,0.0
1578527100000,71.0,0.0
1578527400000,66.0,0.0
1578527700000,66.0,0.0
1578528000000,80.0,0.0
1578528300000,95.0,0.0
1578528600000,115.0,0.0
1578528900000,150.0,0.0
1578529200000,130.0,0.0
1578529500000,120.0,0.0
1578529800000,209.0,0.0
1578530100000,277.0,0.0
1578530400000,444.0,0.0
1578530700000,379.0,0.0
1578531000000,375.0,0.0
1578531300000,387.0,0.0
1578531600000,418.0,0.0
1578531900000,344.0,0.0
1578532200000,464.0,0.0
1578532500000,578.0,0.0
1578532800000,563.0,0.0
1578533100000,464.0,0.0
1578533400000,480.0,0.0
1578533700000,457.0,0.0
1578534000000,515.0,0.0
1578534300000,512.0,0.0
1578534600000,614.0,0.0
1578534900000,551.0,0.0
1578535200000,361.0,0.0
1578535500000,53.0,0.0
1578535800000,62.0,0.0
1578536100000,41.0,0.0
1578536400000,76.0,0.0
1578536700000,72.0,0.0
1578537000000,81.0,0.0
1578537300000,141.0,0.0
1578537600000,196.0,0.0
1578537900000,59.0,0.0
1578538200000,174.0,0.0
1578538500000,224.0,0.0
1578538800000,80.0,0.0
1578539100000,213.0,0.0
1578539400000,340.0,0.0
1578539700000,97.0,0.0
1578540000000,319.0,0.0
1578540300000,251.0,0.0
1578540600000,63.0,0.0
1578540900000,368.0,0.0
1578541200000,136.0,0.0
1578541500000,249.0,0.0
1578541800000,461.0,0.0
1578542100000,328.0,0.0
1578542400000,892.0,0.0
1578542700000,799.0,0.0
1578543000000,872.0,0.0
1578543300000,610.0,0.0
1578543600000,527.0,0.0
1578543900000,398.0,0.0
1578544200000,433.0,0.0
1578544500000,428.0,0.0
1578544800000,400.0,0.0
1578545100000,458.0,0.0
1578545400000,430.0,0.0
1578545700000,505.0,0.0
1578546000000,421.0,0.0
1578546300000,332.0,0.0
1578546600000,346.0,0.0
1578546900000,306.0,0.0
1578547200000,343.0,0.0
1578547500000,386.0,0.0
1578547800000,459.0,0.0
1578548100000,455.0,0.0
1578548400000,476.0,0.0
1578548700000,461.0,0.0
1578549000000,685.0,0.0
1578549300000,660.0,0.0
1578549600000,629.0,0.0
1578549900000,602.0,0.0
1578550200000,793.0,0.0
1578550500000,743.0,0.0
1578550800000,759.0,0.0
1578551100000,740.0,0.0
1578551400000,587.0,0.0
1578551700000,676.0,0.0
1578552000000,552.0,0.0
1578552300000,672.0,0.0
1578552600000,914.0,0.0
1578552900000,757.0,0.0
1578553200000,725.0,0.0
1578553500000,1053.0,0.0
1578553800000,1058.0,0.0
1578554100000,1307.0,0.0
1578554400000,1099.0,0.0
1578554700000,1251.0,0.0
1578555000000,964.0,0.0
1578555300000,1167.0,0.0
1578555600000,1526.0,0.0
1578555900000,1118.0,0.0
1578556200000,1525.0,0.0
1578556500000,1600.0,0.0
1578556800000,1612.0,0.0
1578557100000,1712.0,0.0
1578557400000,1465.0,0.0
1578557700000,1300.0,0.0
1578558000000,1275.0,0.0
1578558300000,1557.0,0.0
1578558600000,1804.0,0.0
1578558900000,1895.0,0.0
1578559200000,1697.0,0.0
1578559500000,1983.0,0.0
1578559800000,1869.0,0.0
1578560100000,1864.0,0.0
1578560400000,1913.0,0.0
1578560700000,2385.0,0.0
1578561000000,1752.0,0.0
1578561300000,1576.0,0.0
1578561600000,1585.0,0.0
1578561900000,1554.0,0.0
1578562200000,1503.0,0.0
1578562500000,1697.0,0.0
1578562800000,1022.0,0.0
1578563100000,1739.0,0.0
1578563400000,1421.0,0.0
1578563700000,1027.0,0.0
1578564000000,1136.0,0.0
1578564300000,877.0,0.0
1578564600000,896.0,0.0
1578564900000,888.0,0.0
1578565200000,883.0,0.0
1578565500000,959.0,0.0
1578565800000,918.0,0.0
1578566100000,921.0,0.0
1578566400000,876.0,0.0
1578566700000,961.0,0.0
1578567000000,896.0,0.0
1578567300000,971.0,0.0
1578567600000,753.0,0.0
1578567900000,895.0,0.0
1578568200000,823.0,0.0
1578568500000,814.0,0.0
1578568800000,845.0,0.0
1578569100000,974.0,0.0
1578569400000,882.0,0.0
1578569700000,1004.0,0.0
1578570000000,978.0,0.0
1578570300000,952.0,0.0
1578570600000,974.0,0.0
1578570900000,863.0,0.0
1578571200000,927.0,0.0
1578571500000,913.0,0.0
1578571800000,1086.0,0.0
1578572100000,1025.0,0.0
1578572400000,881.0,0.0
1578572700000,848.0,0.0
1578573000000,967.0,0.0
1578573300000,915.0,0.0
1578573600000,1004.0,0.0
1578573900000,962.0,0.0
1578574200000,1011.0,0.0
1578574500000,1026.0,0.0
1578574800000,942.0,0.0
1578575100000,1037.0,0.0
1578575400000,955.0,0.0
1578575700000,1014.0,0.0
1578576000000,1012.0,0.0
1578576300000,1020.0,0.0
1578576600000,1022.0,0.0
1578576900000,966.0,0.0
1578577200000,1122.0,0.0
1578577500000,843.0,0.0
1578577800000,948.0,0.0
1578578100000,901.0,0.0
1578578400000,856.0,0.0
1578578700000,938.0,0.0
1578579000000,847.0,0.0
1578579300000,762.0,0.0
1578579600000,736.0,0.0
1578579900000,610.0,0.0
1578580200000,706.0,0.0
1578580500000,610.0,0.0
1578580800000,498.0,0.0
1578581100000,605.0,0.0
1578581400000,527.0,0.0
1578581700000,533.0,0.0
1578582000000,488.0,0.0
1578582300000,434.0,0.0
1578582600000,483.0,0.0
1578582900000,469.0,0.0
1578583200000,452.0,0.0
1578583500000,333.0,0.0
1578583800000,411.0,0.0
1578584100000,354.0,0.0
1578584400000,277.0,0.0
1578584700000,260.0,0.0
1578585000000,193.0,0.0
1578585300000,246.0,0.0
1578585600000,233.0,0.0
1578585900000,243.0,0.0
1578586200000,158.0,0.0
1578586500000,138.0,0.0
1578586800000,156.0,0.0
1578587100000,98.0,0.0
1578587400000,118.0,0.0
1578587700000,77.0,0.0
1578588000000,76.0,0.0
1578588300000,35.0,0.0
1578588600000,117.0,0.0
1578588900000,57.0,0.0
1578589200000,47.0,0.0
1578589500000,73.0,0.0
1578589800000,40.0,0.0
1578590100000,33.0,0.0
1578590400000,14.0,0.0
1578590700000,11.0,0.0
1578591000000,10.0,0.0
1578591300000,25.0,0.0
1578591600000,3.0,0.0
1578591900000,6.0,0.0
1578592200000,8.0,0.0
1578592500000,14.0,0.0
1578592800000,18.0,0.0
1578593100000,29.0,0.0
1578593400000,9.0,0.0
1578593700000,12.0,0.0
1578594000000,7.0,0.0
1578594300000,4.0,0.0
1578594600000,1.0,0.0
1578594900000,2.0,0.0
1578595200000,5.0,0.0
1578595500000,8.0,0.0
1578595800000,1.0,0.0
1578596100000,2.0,0.0
1578596400000,3.0,0.0
1578596700000,4.0,0.0
1578597000000,6.0,0.0
1578597300000,11.0,0.0
1578597600000,16.0,0.0
1578597900000,4.0,0.0
1578598200000,7.0,0.0
1578598500000,20.5,0.0
1578598800000,34.0,0.0
1578599100000,4.0,0.0
1578599400000,3.0,0.0
1578599700000,5.0,0.0
1578600000000,7.0,0.0
1578600300000,9.0,0.0
1578600600000,4.0,0.0
1578600900000,2.5,0.0
1578601200000,1.0,0.0
1578601500000,7.0,0.0
1578601800000,7.0,0.0
1578602100000,5.0,0.0
1578602400000,4.0,0.0
1578602700000,3.0,0.0
1578603000000,2.0,0.0
1578603300000,3.0,0.0
1578603600000,2.0,0.0
1578603900000,7.0,0.0
1578604200000,7.0,0.0
1578604500000,4.0,0.0
1578604800000,9.0,0.0
1578605100000,13.0,0.0
1578605400000,5.0,0.0
1578605700000,6.0,0.0
1578606000000,3.0,0.0
1578606300000,10.0,0.0
1578606600000,8.0,0.0
1578606900000,4.0,0.0
1578607200000,10.0,0.0
1578607500000,8.0,0.0
1578607800000,22.0,0.0
1578608100000,20.0,0.0
1578608400000,28.0,0.0
1578608700000,21.0,0.0
1578609000000,21.0,0.0
1578609300000,44.0,0.0
1578609600000,75.0,0.0
1578609900000,52.0,0.0
1578610200000,44.0,0.0
1578610500000,40.0,0.0
1578610800000,57.0,0.0
1578611100000,58.0,0.0
1578611400000,66.0,0.0
1578611700000,55.0,0.0
1578612000000,45.0,0.0
1578612300000,66.0,0.0
1578612600000,60.0,0.0
1578612900000,76.0,0.0
1578613200000,20.0,0.0
1578613500000,64.0,0.0
1578613800000,81.0,0.0
1578614100000,63.0,0.0
1578614400000,51.0,0.0
1578614700000,73.0,0.0
1578615000000,147.0,0.0
1578615300000,181.0,0.0
1578615600000,147.0,0.0
1578615900000,248.0,0.0
1578616200000,239.0,0.0
1578616500000,288.0,0.0
1578616800000,337.0,0.0
1578617100000,257.0,0.0
1578617400000,458.0,0.0
1578617700000,400.0,0.0
1578618000000,530.0,0.0
1578618300000,498.0,0.0
1578618600000,581.0,0.0
1578618900000,558.0,0.0
1578619200000,534.0,0.0
1578619500000,648.0,0.0
1578619800000,652.0,0.0
1578620100000,616.0,0.0
1578620400000,575.0,0.0
1578620700000,478.0,0.0
1578621000000,506.0,0.0
1578621300000,576.0,0.0
1578621600000,291.0,0.0
1578621900000,135.0,0.0
1578622200000,533.0,0.0
1578622500000,699.0,0.0
1578622800000,631.0,0.0
1578623100000,619.0,0.0
1578623400000,599.0,0.0
1578623700000,632.0,0.0
1578624000000,827.0,0.0
1578624300000,842.0,0.0
1578624600000,734.0,0.0
1578624900000,899.0,0.0
1578625200000,892.0,0.0
1578625500000,1038.0,0.0
1578625800000,987.0,0.0
1578626100000,928.0,0.0
1578626400000,808.0,0.0
1578626700000,240.0,0.0
1578627000000,607.0,0.0
1578627300000,706.0,0.0
1578627600000,498.0,0.0
1578627900000,535.0,0.0
1578628200000,451.0,0.0
1578628500000,1024.0,0.0
1578628800000,1409.0,0.0
1578629100000,1195.0,0.0
1578629400000,1393.0,0.0
1578629700000,1096.0,0.0
1578630000000,1026.0,0.0
1578630300000,1163.0,0.0
1578630600000,990.0,0.0
1578630900000,885.0,0.0
1578631200000,856.0,0.0
1578631500000,836.0,0.0
1578631800000,1151.0,0.0
1578632100000,919.0,0.0
1578632400000,891.0,0.0
1578632700000,905.0,0.0
1578633000000,900.0,0.0
1578633300000,776.0,0.0
1578633600000,1171.0,0.0
1578633900000,956.0,0.0
1578634200000,883.0,0.0
1578634500000,889.0,0.0
1578634800000,1083.0,0.0
1578635100000,1154.0,0.0
1578635400000,1144.0,0.0
1578635700000,1233.0,0.0
1578636000000,983.0,0.0
1578636300000,1039.0,0.0
1578636600000,1100.0,0.0
1578636900000,1206.0,0.0
1578637200000,1017.0,0.0
1578637500000,1391.0,0.0
1578637800000,1095.0,0.0
1578638100000,1147.0,0.0
1578638400000,1283.0,0.0
1578638700000,1363.0,0.0
1578639000000,1340.0,0.0
1578639300000,1407.0,0.0
1578639600000,1558.0,0.0
1578639900000,1252.0,0.0
1578640200000,1213.0,0.0
1578640500000,1318.0,0.0
1578640800000,1282.0,0.0
1578641100000,1132.0,0.0
1578641400000,1239.0,0.0
1578641700000,526.0,1.0
1578642000000,166.0,1.0
1578642300000,1207.0,0.0
1578642600000,1453.0,0.0
1578642900000,1618.0,0.0
1578643200000,1159.0,0.0
1578643500000,763.0,0.0
1578643800000,943.0,0.0
1578644100000,1079.0,0.0
1578644400000,904.0,0.0
1578644700000,1470.0,0.0
1578645000000,1011.0,0.0
1578645300000,326.0,1.0
1578645600000,1141.0,0.0
1578645900000,870.0,0.0
1578646200000,1083.0,0.0
1578646500000,1265.0,0.0
1578646800000,1081.0,0.0
1578647100000,1661.0,0.0
1578647400000,1540.0,0.0
1578647700000,1471.0,0.0
1578648000000,1427.0,0.0
1578648300000,1117.0,0.0
1578648600000,1124.0,0.0
1578648900000,1238.0,0.0
1578649200000,1112.0,0.0
1578649500000,1417.0,0.0
1578649800000,1504.0,0.0
1578650100000,1523.0,0.0
1578650400000,1312.0,0.0
1578650700000,1373.0,0.0
1578651000000,1193.0,0.0
1578651300000,1225.0,0.0
1578651600000,1161.0,0.0
1578651900000,1131.0,0.0
1578652200000,1432.0,0.0
1578652500000,961.0,0.0
1578652800000,1056.0,0.0
1578653100000,1126.0,0.0
1578653400000,950.0,0.0
1578653700000,1147.0,0.0
1578654000000,1090.0,0.0
1578654300000,1054.0,0.0
1578654600000,1063.0,0.0
1578654900000,1054.0,0.0
1578655200000,1137.0,0.0
1578655500000,1310.0,0.0
1578655800000,1102.0,0.0
1578656100000,1096.0,0.0
1578656400000,1068.0,0.0
1578656700000,1070.0,0.0
1578657000000,1278.0,0.0
1578657300000,1384.0,0.0
1578657600000,1263.0,0.0
1578657900000,1210.0,0.0
1578658200000,1370.0,0.0
1578658500000,1428.0,0.0
1578658800000,1391.0,0.0
1578659100000,1317.0,0.0
1578659400000,1358.0,0.0
1578659700000,1475.0,0.0
1578660000000,1340.0,0.0
1578660300000,1254.0,0.0
1578660600000,1284.0,0.0
1578660900000,1303.0,0.0
1578661200000,1378.0,0.0
1578661500000,1228.0,0.0
1578661800000,1271.0,0.0
1578662100000,1244.0,0.0
1578662400000,1288.0,0.0
1578662700000,1227.0,0.0
1578663000000,1326.0,0.0
1578663300000,1316.0,0.0
1578663600000,1253.0,0.0
1578663900000,1169.0,0.0
1578664200000,1174.0,0.0
1578664500000,1118.0,0.0
1578664800000,1147.0,0.0
1578665100000,1052.0,0.0
1578665400000,1144.0,0.0
1578665700000,986.0,0.0
1578666000000,948.0,0.0
1578666300000,1077.0,0.0
1578666600000,1028.0,0.0
1578666900000,1069.0,0.0
1578667200000,1005.0,0.0
1578667500000,989.0,0.0
1578667800000,1044.0,0.0
1578668100000,884.0,0.0
1578668400000,886.0,0.0
1578668700000,1089.0,0.0
1578669000000,788.0,0.0
1578669300000,664.0,0.0
1578669600000,733.0,0.0
1578669900000,740.0,0.0
1578670200000,491.0,0.0
1578670500000,546.0,0.0
1578670800000,563.0,0.0
1578671100000,463.0,0.0
1578671400000,504.0,0.0
1578671700000,446.0,0.0
1578672000000,385.0,0.0
1578672300000,422.0,0.0
1578672600000,233.0,0.0
1578672900000,118.0,0.0
1578673200000,77.0,0.0
1578673500000,123.0,0.0
1578673800000,83.0,0.0
1578674100000,66.0,0.0
1578674400000,34.0,0.0
1578674700000,52.0,0.0
1578675000000,39.0,0.0
1578675300000,50.0,0.0
1578675600000,53.0,0.0
1578675900000,45.0,0.0
1578676200000,23.0,0.0
1578676500000,29.0,0.0
1578676800000,29.0,0.0
1578677100000,2.0,0.0
1578677400000,15.0,0.0
1578677700000,6.0,0.0
1578678000000,12.0,0.0
1578678300000,2.0,0.0
1578678600000,7.0,0.0
1578678900000,8.0,0.0
1578679200000,6.0,0.0
1578679500000,5.0,0.0
1578679800000,21.0,0.0
1578680100000,12.0,0.0
1578680400000,11.0,0.0
1578680700000,15.0,0.0
1578681000000,4.0,0.0
1578681300000,2.0,0.0
1578681600000,12.0,0.0
1578681900000,1.0,0.0
1578682200000,2.0,0.0
1578682500000,3.0,0.0
1578682800000,3.333333333333333,0.0
1578683100000,3.6666666666666665,0.0
1578683400000,4.0,0.0
1578683700000,2.0,0.0
1578684000000,4.0,0.0
1578684300000,4.0,0.0
1578684600000,4.0,0.0
1578684900000,7.0,0.0
1578685200000,5.0,0.0
1578685500000,4.2,0.0
1578685800000,3.4,0.0
1578686100000,2.6,0.0
1578686400000,1.7999999999999998,0.0
1578686700000,1.0,0.0
1578687000000,2.0,0.0
1578687300000,4.0,0.0
1578687600000,1.0,0.0
1578687900000,3.0,0.0
1578688200000,6.0,0.0
1578688500000,3.0,0.0
1578688800000,2.0,0.0
1578689100000,3.333333333333333,0.0
1578689400000,4.666666666666666,0.0
1578689700000,6.0,0.0
1578690000000,6.0,0.0
1578690300000,6.0,0.0
1578690600000,4.0,0.0
1578690900000,2.0,0.0
1578691200000,1.0,0.0
1578691500000,6.0,0.0
1578691800000,3.0,0.0
1578692100000,2.0,0.0
1578692400000,20.0,0.0
1578692700000,7.0,0.0
1578693000000,10.0,0.0
1578693300000,5.0,0.0
1578693600000,12.0,0.0
1578693900000,1.0,0.0
1578694200000,26.0,0.0
1578694500000,10.0,0.0
1578694800000,20.0,0.0
1578695100000,23.0,0.0
1578695400000,13.0,0.0
1578695700000,20.0,0.0
1578696000000,14.0,0.0
1578696300000,18.0,0.0
1578696600000,18.0,0.0
1578696900000,37.0,0.0
1578697200000,19.0,0.0
1578697500000,28.0,0.0
1578697800000,23.0,0.0
1578698100000,35.0,0.0
1578698400000,40.0,0.0
1578698700000,49.0,0.0
1578699000000,55.0,0.0
1578699300000,68.0,0.0
1578699600000,27.0,0.0
1578699900000,56.0,0.0
1578700200000,45.0,0.0
1578700500000,54.0,0.0
1578700800000,75.0,0.0
1578701100000,51.0,0.0
1578701400000,74.0,0.0
1578701700000,84.0,0.0
1578702000000,60.0,0.0
1578702300000,119.0,0.0
1578702600000,142.0,0.0
1578702900000,138.0,0.0
1578703200000,153.0,0.0
1578703500000,208.0,0.0
1578703800000,253.0,0.0
1578704100000,156.0,0.0
1578704400000,218.0,0.0
1578704700000,332.0,0.0
1578705000000,234.0,0.0
1578705300000,278.0,0.0
1578705600000,397.0,0.0
1578705900000,467.0,0.0
1578706200000,375.0,0.0
1578706500000,415.0,0.0
1578706800000,480.0,0.0
1578707100000,477.0,0.0
1578707400000,510.0,0.0
1578707700000,486.0,0.0
1578708000000,569.0,0.0
1578708300000,620.0,0.0
1578708600000,715.0,0.0
1578708900000,600.0,0.0
1578709200000,589.0,0.0
1578709500000,769.0,0.0
1578709800000,772.0,0.0
1578710100000,859.0,0.0
1578710400000,954.0,0.0
1578710700000,959.0,0.0
1578711000000,973.0,0.0
1578711300000,1155.0,0.0
1578711600000,1224.0,0.0
1578711900000,1260.0,0.0
1578712200000,1235.0,0.0
1578712500000,1248.0,0.0
1578712800000,1391.0,0.0
1578713100000,1374.0,0.0
1578713400000,1369.0,0.0
1578713700000,1335.0,0.0
1578714000000,1359.0,0.0
1578714300000,1417.0,0.0
1578714600000,1329.0,0.0
1578714900000,1175.0,0.0
1578715200000,1260.0,0.0
1578715500000,1079.0,0.0
1578715800000,1131.0,0.0
1578716100000,962.0,0.0
1578716400000,937.0,0.0
1578716700000,859.0,0.0
1578717000000,989.0,0.0
1578717300000,927.0,0.0
1578717600000,741.0,0.0
1578717900000,753.0,0.0
1578718200000,655.0,0.0
1578718500000,688.0,0.0
1578718800000,693.0,0.0
1578719100000,725.0,0.0
1578719400000,639.0,0.0
1578719700000,585.0,0.0
1578720000000,644.0,0.0
1578720300000,630.0,0.0
1578720600000,583.0,0.0
1578720900000,665.0,0.0
1578721200000,675.0,0.0
1578721500000,692.0,0.0
1578721800000,650.0,0.0
1578722100000,762.0,0.0
1578722400000,778.0,0.0
1578722700000,712.0,0.0
1578723000000,675.0,0.0
1578723300000,685.0,0.0
1578723600000,793.0,0.0
1578723900000,850.0,0.0
1578724200000,831.0,0.0
1578724500000,703.0,0.0
1578724800000,772.0,0.0
1578725100000,694.0,0.0
1578725400000,719.0,0.0
1578725700000,800.0,0.0
1578726000000,764.0,0.0
1578726300000,848.0,0.0
1578726600000,955.0,0.0
1578726900000,1010.0,0.0
1578727200000,996.0,0.0
1578727500000,1089.0,0.0
1578727800000,898.0,0.0
1578728100000,1001.0,0.0
1578728400000,1062.0,0.0
1578728700000,1094.0,0.0
1578729000000,1136.0,0.0
1578729300000,1204.0,0.0
1578729600000,1263.0,0.0
1578729900000,1199.0,0.0
1578730200000,1299.0,0.0
1578730500000,1434.0,0.0
1578730800000,1496.0,0.0
1578731100000,1481.0,0.0
1578731400000,1492.0,0.0
1578731700000,1424.0,0.0
1578732000000,1485.0,0.0
1578732300000,1379.0,0.0
1578732600000,1510.0,0.0
1578732900000,1510.0,0.0
1578733200000,1284.0,0.0
1578733500000,1243.0,0.0
1578733800000,1396.0,0.0
1578734100000,1368.0,0.0
1578734400000,1272.0,0.0
1578734700000,1130.0,0.0
1578735000000,1124.0,0.0
1578735300000,1091.0,0.0
1578735600000,969.0,0.0
1578735900000,877.0,0.0
1578736200000,891.0,0.0
1578736500000,930.0,0.0
1578736800000,942.0,0.0
1578737100000,783.0,0.0
1578737400000,798.0,0.0
1578737700000,884.0,0.0
1578738000000,720.0,0.0
1578738300000,743.0,0.0
1578738600000,704.0,0.0
1578738900000,631.0,0.0
1578739200000,692.0,0.0
1578739500000,631.0,0.0
1578739800000,655.0,0.0
1578740100000,612.0,0.0
1578740400000,659.0,0.0
1578740700000,655.0,0.0
1578741000000,493.0,0.0
1578741300000,658.0,0.0
1578741600000,575.0,0.0
1578741900000,591.0,0.0
1578742200000,604.0,0.0
1578742500000,581.0,0.0
1578742800000,745.0,0.0
1578743100000,728.0,0.0
1578743400000,588.0,0.0
1578743700000,663.0,0.0
1578744000000,679.0,0.0
1578744300000,914.0,0.0
1578744600000,654.0,0.0
1578744900000,840.0,0.0
1578745200000,733.0,0.0
1578745500000,756.0,0.0
1578745800000,737.0,0.0
1578746100000,661.0,0.0
1578746400000,936.0,0.0
1578746700000,760.0,0.0
1578747000000,777.0,0.0
1578747300000,661.0,0.0
1578747600000,728.0,0.0
1578747900000,662.0,0.0
1578748200000,795.0,0.0
1578748500000,673.0,0.0
1578748800000,759.0,0.0
1578749100000,626.0,0.0
1578749400000,824.0,0.0
1578749700000,625.0,0.0
1578750000000,624.0,0.0
1578750300000,671.0,0.0
1578750600000,612.0,0.0
1578750900000,668.0,0.0
1578751200000,718.0,0.0
1578751500000,627.0,0.0
1578751800000,464.0,0.0
1578752100000,524.0,0.0
1578752400000,576.0,0.0
1578752700000,502.0,0.0
1578753000000,507.0,0.0
1578753300000,479.0,0.0
1578753600000,333.0,0.0
1578753900000,400.0,0.0
1578754200000,399.0,0.0
1578754500000,445.0,0.0
1578754800000,335.0,0.0
1578755100000,465.0,0.0
1578755400000,294.0,0.0
1578755700000,309.0,0.0
1578756000000,214.0,0.0
1578756300000,208.0,0.0
1578756600000,183.0,0.0
1578756900000,195.0,0.0
1578757200000,225.0,0.0
1578757500000,199.0,0.0
1578757800000,220.0,0.0
1578758100000,177.0,0.0
1578758400000,168.0,0.0
1578758700000,114.0,0.0
1578759000000,98.0,0.0
1578759300000,103.0,0.0
1578759600000,114.0,0.0
1578759900000,45.0,0.0
1578760200000,28.0,0.0
1578760500000,40.0,0.0
1578760800000,54.0,0.0
1578761100000,108.0,0.0
1578761400000,16.0,0.0
1578761700000,28.0,0.0
1578762000000,35.0,0.0
1578762300000,21.0,0.0
1578762600000,23.0,0.0
1578762900000,16.0,0.0
1578763200000,15.0,0.0
1578763500000,8.0,0.0
1578763800000,9.0,0.0
1578764100000,4.0,0.0
1578764400000,15.0,0.0
1578764700000,6.0,0.0
1578765000000,4.0,0.0
1578765300000,8.0,0.0
1578765600000,2.0,0.0
1578765900000,6.0,0.0
1578766200000,4.0,0.0
1578766500000,2.0,0.0
1578766800000,2.0,0.0
1578767100000,2.333333333333333,0.0
1578767400000,2.6666666666666665,0.0
1578767700000,3.0,0.0
1578768000000,3.333333333333333,0.0
1578768300000,3.6666666666666665,0.0
1578768600000,4.0,0.0
1578768900000,4.0,0.0
1578769200000,5.25,0.0
1578769500000,6.5,0.0
1578769800000,7.75,0.0
1578770100000,9.0,0.0
1578770400000,9.0,0.0
1578770700000,4.0,0.0
1578771000000,8.0,0.0
1578771300000,7.0,0.0
1578771600000,4.0,0.0
1578771900000,2.0,0.0
1578772200000,4.0,0.0
1578772500000,4.0,0.0
1578772800000,2.5,0.0
1578773100000,1.0,0.0
1578773400000,2.0,0.0
1578773700000,8.0,0.0
1578774000000,5.0,0.0
1578774300000,5.0,0.0
1578774600000,9.0,0.0
1578774900000,10.0,0.0
1578775200000,7.0,0.0
1578775500000,24.0,0.0
1578775800000,4.0,0.0
1578776100000,4.0,0.0
1578776400000,3.0,0.0
1578776700000,24.0,0.0
1578777000000,15.0,0.0
1578777300000,13.0,0.0
1578777600000,1.0,0.0
1578777900000,8.0,0.0
1578778200000,9.0,0.0
1578778500000,7.0,0.0
1578778800000,7.0,0.0
1578779100000,1.0,0.0
1578779400000,2.0,0.0
1578779700000,6.0,0.0
1578780000000,12.0,0.0
1578780300000,13.0,0.0
1578780600000,12.0,0.0
1578780900000,13.0,0.0
1578781200000,6.0,0.0
1578781500000,2.0,0.0
1578781800000,13.0,0.0
1578782100000,5.0,0.0
1578782400000,12.0,0.0
1578782700000,6.0,0.0
1578783000000,5.0,0.0
1578783300000,14.0,0.0
1578783600000,11.0,0.0
1578783900000,11.0,0.0
1578784200000,50.0,0.0
1578784500000,50.0,0.0
1578784800000,25.0,0.0
1578785100000,37.0,0.0
1578785400000,32.0,0.0
1578785700000,20.0,0.0
1578786000000,47.0,0.0
1578786300000,41.0,0.0
1578786600000,40.0,0.0
1578786900000,53.0,0.0
1578787200000,46.0,0.0
1578787500000,94.0,0.0
1578787800000,104.0,0.0
1578788100000,47.0,0.0
1578788400000,23.0,0.0
1578788700000,75.0,0.0
1578789000000,63.0,0.0
1578789300000,59.0,0.0
1578789600000,108.0,0.0
1578789900000,103.0,0.0
1578790200000,153.0,0.0
1578790500000,134.0,0.0
1578790800000,143.0,0.0
1578791100000,91.0,0.0
1578791400000,153.0,0.0
1578791700000,198.0,0.0
1578792000000,220.0,0.0
1578792300000,328.0,0.0
1578792600000,226.0,0.0
1578792900000,319.0,0.0
1578793200000,260.0,0.0
1578793500000,271.0,0.0
1578793800000,321.0,0.0
1578794100000,311.0,0.0
1578794400000,395.0,0.0
1578794700000,474.0,0.0
1578795000000,452.0,0.0
1578795300000,438.0,0.0
1578795600000,490.0,0.0
1578795900000,516.0,0.0
1578796200000,538.0,0.0
1578796500000,622.0,0.0
1578796800000,766.0,0.0
1578797100000,788.0,0.0
1578797400000,816.0,0.0
1578797700000,1051.0,0.0
1578798000000,870.0,0.0
1578798300000,1073.0,0.0
1578798600000,1145.0,0.0
1578798900000,936.0,0.0
1578799200000,1058.0,0.0
1578799500000,991.0,0.0
1578799800000,1068.0,0.0
1578800100000,1024.0,0.0
1578800400000,969.0,0.0
1578800700000,967.0,0.0
1578801000000,1025.0,0.0
1578801300000,861.0,0.0
1578801600000,877.0,0.0
1578801900000,858.0,0.0
1578802200000,833.0,0.0
1578802500000,799.0,0.0
1578802800000,638.0,0.0
1578803100000,734.0,0.0
1578803400000,679.0,0.0
1578803700000,579.0,0.0
1578804000000,612.0,0.0
1578804300000,581.0,0.0
1578804600000,554.0,0.0
1578804900000,620.0,0.0
1578805200000,636.0,0.0
1578805500000,566.0,0.0
1578805800000,572.0,0.0
1578806100000,492.0,0.0
1578806400000,520.0,0.0
1578806700000,584.0,0.0
1578807000000,523.0,0.0
1578807300000,604.0,0.0
1578807600000,511.0,0.0
1578807900000,558.0,0.0
1578808200000,687.0,0.0
1578808500000,626.0,0.0
1578808800000,607.0,0.0
1578809100000,811.0,0.0
1578809400000,674.0,0.0
1578809700000,628.0,0.0
1578810000000,665.0,0.0
1578810300000,560.0,0.0
1578810600000,552.0,0.0
1578810900000,633.0,0.0
1578811200000,714.0,0.0
1578811500000,678.0,0.0
1578811800000,686.0,0.0
1578812100000,619.0,0.0
1578812400000,827.0,0.0
1578812700000,820.0,0.0
1578813000000,824.0,0.0
1578813300000,818.0,0.0
1578813600000,815.0,0.0
1578813900000,844.0,0.0
1578814200000,960.0,0.0
1578814500000,984.0,0.0
1578814800000,1056.0,0.0
1578815100000,1097.0,0.0
1578815400000,1075.0,0.0
1578815700000,1033.0,0.0
1578816000000,1117.0,0.0
1578816300000,1113.0,0.0
1578816600000,1238.0,0.0
1578816900000,1277.0,0.0
1578817200000,1200.0,0.0
1578817500000,1226.0,0.0
1578817800000,1247.0,0.0
1578818100000,1218.0,0.0
1578818400000,1169.0,0.0
1578818700000,1180.0,0.0
1578819000000,1172.0,0.0
1578819300000,1172.0,0.0
1578819600000,1136.0,0.0
1578819900000,1297.0,0.0
1578820200000,1129.0,0.0
1578820500000,977.0,0.0
1578820800000,1019.0,0.0
1578821100000,1028.0,0.0
1578821400000,888.0,0.0
1578821700000,908.0,0.0
1578822000000,850.0,0.0
1578822300000,787.0,0.0
1578822600000,776.0,0.0
1578822900000,717.0,0.0
1578823200000,768.0,0.0
1578823500000,638.0,0.0
1578823800000,629.0,0.0
1578824100000,644.0,0.0
1578824400000,641.0,0.0
1578824700000,603.0,0.0
1578825000000,573.0,0.0
1578825300000,586.0,0.0
1578825600000,551.0,0.0
1578825900000,621.0,0.0
1578826200000,634.0,0.0
1578826500000,575.0,0.0
1578826800000,532.0,0.0
1578827100000,605.0,0.0
1578827400000,559.0,0.0
1578827700000,431.0,0.0
1578828000000,616.0,0.0
1578828300000,472.0,0.0
1578828600000,639.0,0.0
1578828900000,586.0,0.0
1578829200000,611.0,0.0
1578829500000,578.0,0.0
1578829800000,676.0,0.0
1578830100000,595.0,0.0
1578830400000,645.0,0.0
1578830700000,634.0,0.0
1578831000000,669.0,0.0
1578831300000,627.0,0.0
1578831600000,681.0,0.0
1578831900000,628.0,0.0
1578832200000,564.0,0.0
1578832500000,560.0,0.0
1578832800000,638.0,0.0
1578833100000,540.0,0.0
1578833400000,587.0,0.0
1578833700000,705.0,0.0
1578834000000,520.0,0.0
1578834300000,583.0,0.0
1578834600000,642.0,0.0
1578834900000,695.0,0.0
1578835200000,629.0,0.0
1578835500000,665.0,0.0
1578835800000,642.0,0.0
1578836100000,678.0,0.0
1578836400000,504.0,0.0
1578836700000,587.0,0.0
1578837000000,573.0,0.0
1578837300000,568.0,0.0
1578837600000,571.0,0.0
1578837900000,454.0,0.0
1578838200000,493.0,0.0
1578838500000,453.0,0.0
1578838800000,449.0,0.0
1578839100000,364.0,0.0
1578839400000,387.0,0.0
1578839700000,289.0,0.0
1578840000000,283.0,0.0
1578840300000,327.0,0.0
1578840600000,264.0,0.0
1578840900000,281.0,0.0
1578841200000,283.0,0.0
1578841500000,235.0,0.0
1578841800000,275.0,0.0
1578842100000,187.0,0.0
1578842400000,191.0,0.0
1578842700000,232.0,0.0
1578843000000,210.0,0.0
1578843300000,147.0,0.0
1578843600000,178.0,0.0
1578843900000,204.0,0.0
1578844200000,164.0,0.0
1578844500000,136.0,0.0
1578844800000,108.0,0.0
1578845100000,119.0,0.0
1578845400000,100.0,0.0
1578845700000,95.0,0.0
1578846000000,87.0,0.0
1578846300000,72.0,0.0
1578846600000,59.0,0.0
1578846900000,45.0,0.0
1578847200000,49.0,0.0
1578847500000,38.0,0.0
1578847800000,31.0,0.0
1578848100000,28.0,0.0
1578848400000,63.0,0.0
1578848700000,37.0,0.0
1578849000000,33.0,0.0
1578849300000,19.0,0.0
1578849600000,16.0,0.0
1578849900000,11.0,0.0
1578850200000,7.5,0.0
1578850500000,4.0,0.0
1578850800000,6.0,0.0
1578851100000,8.0,0.0
1578851400000,8.0,0.0
1578851700000,12.0,0.0
1578852000000,10.0,0.0
1578852300000,3.0,0.0
1578852600000,5.25,0.0
1578852900000,7.5,0.0
1578853200000,9.75,0.0
1578853500000,12.0,0.0
1578853800000,10.0,0.0
1578854100000,7.0,0.0
1578854400000,4.0,0.0
1578854700000,2.0,0.0
1578855000000,4.0,0.0
1578855300000,2.0,0.0
1578855600000,2.0,0.0
1578855900000,3.0,0.0
1578856200000,6.0,0.0
1578856500000,6.428571428571429,0.0
1578856800000,6.857142857142858,0.0
1578857100000,7.2857142857142865,0.0
1578857400000,7.7142857142857135,0.0
1578857700000,8.142857142857142,0.0
1578858000000,8.571428571428571,0.0
1578858300000,9.0,0.0
1578858600000,10.5,0.0
1578858900000,12.0,0.0
1578859200000,4.0,0.0
1578859500000,3.0,0.0
1578859800000,9.0,0.0
1578860100000,7.333333333333332,0.0
1578860400000,5.666666666666666,0.0
1578860700000,4.0,0.0
1578861000000,6.0,0.0
1578861300000,8.5,0.0
1578861600000,11.0,0.0
1578861900000,9.5,0.0
1578862200000,8.0,0.0
1578862500000,7.5,0.0
1578862800000,7.0,0.0
1578863100000,3.0,0.0
1578863400000,12.0,0.0
1578863700000,6.0,0.0
1578864000000,11.0,0.0
1578864300000,6.5,0.0
1578864600000,2.0,0.0
1578864900000,4.0,0.0
1578865200000,14.0,0.0
1578865500000,7.0,0.0
1578865800000,18.0,0.0
1578866100000,18.0,0.0
1578866400000,6.0,0.0
1578866700000,13.0,0.0
1578867000000,16.0,0.0
1578867300000,16.0,0.0
1578867600000,13.0,0.0
1578867900000,9.0,0.0
1578868200000,6.0,0.0
1578868500000,16.0,0.0
1578868800000,5.0,0.0
1578869100000,9.0,0.0
1578869400000,25.0,0.0
1578869700000,26.0,0.0
1578870000000,32.0,0.0
1578870300000,14.0,0.0
1578870600000,31.0,0.0
1578870900000,32.0,0.0
1578871200000,36.0,0.0
1578871500000,29.0,0.0
1578871800000,32.0,0.0
1578872100000,31.0,0.0
1578872400000,15.0,0.0
1578872700000,36.0,0.0
1578873000000,55.0,0.0
1578873300000,79.0,0.0
1578873600000,56.0,0.0
1578873900000,69.0,0.0
1578874200000,76.0,0.0
1578874500000,85.0,0.0
1578874800000,120.0,0.0
1578875100000,143.0,0.0
1578875400000,167.0,0.0
1578875700000,218.0,0.0
1578876000000,278.0,0.0
1578876300000,267.0,0.0
1578876600000,319.0,0.0
1578876900000,310.0,0.0
1578877200000,357.0,0.0
1578877500000,296.0,0.0
1578877800000,471.0,0.0
1578878100000,410.0,0.0
1578878400000,366.0,0.0
1578878700000,276.0,0.0
1578879000000,341.0,0.0
1578879300000,263.0,1.0
1578879600000,110.0,1.0
1578879900000,35.0,1.0
1578880200000,51.0,1.0
1578880500000,164.0,1.0
1578880800000,204.0,1.0
1578881100000,112.0,1.0
1578881400000,225.0,1.0
1578881700000,177.0,1.0
1578882000000,144.0,1.0
1578882300000,188.0,1.0
1578882600000,59.0,1.0
1578882900000,81.0,1.0
1578883200000,131.0,1.0
1578883500000,51.0,1.0
1578883800000,49.0,1.0
1578884100000,112.0,1.0
1578884400000,93.0,1.0
1578884700000,192.0,1.0
1578885000000,200.0,1.0
1578885300000,193.0,1.0
1578885600000,286.0,1.0
1578885900000,94.0,1.0
1578886200000,282.0,1.0
1578886500000,497.0,0.0
1578886800000,466.0,0.0
1578887100000,683.0,0.0
1578887400000,672.0,0.0
1578887700000,549.0,0.0
1578888000000,564.0,0.0
1578888300000,1292.0,0.0
1578888600000,916.0,0.0
1578888900000,889.0,0.0
1578889200000,764.0,0.0
1578889500000,807.0,0.0
1578889800000,976.0,0.0
1578890100000,777.0,0.0
1578890400000,723.0,0.0
1578890700000,749.0,0.0
1578891000000,690.0,0.0
1578891300000,727.0,0.0
1578891600000,696.0,0.0
1578891900000,745.0,0.0
1578892200000,749.0,0.0
1578892500000,689.0,0.0
1578892800000,680.0,0.0
1578893100000,719.0,0.0
1578893400000,774.0,0.0
1578893700000,787.0,0.0
1578894000000,804.0,0.0
1578894300000,740.0,0.0
1578894600000,739.0,0.0
1578894900000,780.0,0.0
1578895200000,797.0,0.0
1578895500000,780.0,0.0
1578895800000,818.0,0.0
1578896100000,980.0,0.0
1578896400000,997.0,0.0
1578896700000,745.0,0.0
1578897000000,856.0,0.0
1578897300000,921.0,0.0
1578897600000,891.0,0.0
1578897900000,859.0,0.0
1578898200000,892.0,0.0
1578898500000,805.0,0.0
1578898800000,1063.0,0.0
1578899100000,815.0,0.0
1578899400000,770.0,0.0
1578899700000,712.0,0.0
1578900000000,413.0,0.0
1578900300000,158.0,1.0
1578900600000,485.0,0.0
1578900900000,524.0,0.0
1578901200000,338.0,1.0
1578901500000,963.0,0.0
1578901800000,572.0,0.0
1578902100000,168.0,1.0
1578902400000,102.0,1.0
1578902700000,63.0,1.0
1578903000000,112.0,1.0
1578903300000,88.0,1.0
1578903600000,462.0,0.0
1578903900000,678.0,0.0
1578904200000,1162.0,0.0
1578904500000,478.0,0.0
1578904800000,107.0,1.0
1578905100000,455.0,0.0
1578905400000,557.0,0.0
1578905700000,1384.0,0.0
1578906000000,1273.0,0.0
1578906300000,1172.0,0.0
1578906600000,901.0,0.0
1578906900000,930.0,0.0
1578907200000,955.0,0.0
1578907500000,881.0,0.0
1578907800000,290.0,1.0
1578908100000,149.0,1.0
1578908400000,171.0,1.0
1578908700000,125.0,1.0
1578909000000,670.0,0.0
1578909300000,1098.0,0.0
1578909600000,1086.0,0.0
1578909900000,841.0,0.0
1578910200000,1110.0,0.0
1578910500000,960.0,0.0
1578910800000,912.0,0.0
1578911100000,771.0,0.0
1578911400000,742.0,0.0
1578911700000,755.0,0.0
1578912000000,785.0,0.0
1578912300000,779.0,0.0
1578912600000,763.0,0.0
1578912900000,707.0,0.0
1578913200000,678.0,0.0
1578913500000,815.0,0.0
1578913800000,780.0,0.0
1578914100000,821.0,0.0
1578914400000,870.0,0.0
1578914700000,795.0,0.0
1578915000000,932.0,0.0
1578915300000,777.0,0.0
1578915600000,973.0,0.0
1578915900000,839.0,0.0
1578916200000,888.0,0.0
1578916500000,898.0,0.0
1578916800000,891.0,0.0
1578917100000,921.0,0.0
1578917400000,1015.0,0.0
1578917700000,1048.0,0.0
1578918000000,912.0,0.0
1578918300000,980.0,0.0
1578918600000,1101.0,0.0
1578918900000,973.0,0.0
1578919200000,1113.0,0.0
1578919500000,1171.0,0.0
1578919800000,1164.0,0.0
1578920100000,1213.0,0.0
1578920400000,1091.0,0.0
1578920700000,1144.0,0.0
1578921000000,1112.0,0.0
1578921300000,1094.0,0.0
1578921600000,1109.0,0.0
1578921900000,935.0,0.0
1578922200000,852.0,0.0
1578922500000,1142.0,0.0
1578922800000,1027.0,0.0
1578923100000,937.0,0.0
1578923400000,837.0,0.0
1578923700000,845.0,0.0
1578924000000,887.0,0.0
1578924300000,782.0,0.0
1578924600000,992.0,0.0
1578924900000,941.0,0.0
1578925200000,783.0,0.0
1578925500000,665.0,0.0
1578925800000,708.0,0.0
1578926100000,589.0,0.0
1578926400000,583.0,0.0
1578926700000,781.0,0.0
1578927000000,639.0,0.0
1578927300000,643.0,0.0
1578927600000,673.0,0.0
1578927900000,631.0,0.0
1578928200000,491.0,0.0
1578928500000,554.0,0.0
1578928800000,446.0,0.0
1578929100000,416.0,0.0
1578929400000,373.0,0.0
1578929700000,351.0,0.0
1578930000000,368.0,0.0
1578930300000,365.0,0.0
1578930600000,287.0,0.0
1578930900000,260.0,0.0
1578931200000,312.0,0.0
1578931500000,164.0,0.0
1578931800000,93.0,0.0
1578932100000,108.0,0.0
1578932400000,73.0,0.0
1578932700000,58.0,0.0
1578933000000,75.0,0.0
1578933300000,64.0,0.0
1578933600000,61.0,0.0
1578933900000,48.0,0.0
1578934200000,54.0,0.0
1578934500000,75.0,0.0
1578934800000,87.0,0.0
1578935100000,87.0,0.0
1578935400000,71.0,0.0
1578935700000,83.0,0.0
1578936000000,22.0,0.0
1578936300000,16.0,0.0
1578936600000,17.0,0.0
1578936900000,17.0,0.0
1578937200000,8.0,0.0
1578937500000,4.0,0.0
1578937800000,9.0,0.0
1578938100000,28.0,0.0
1578938400000,28.0,0.0
1578938700000,10.0,0.0
1578939000000,5.0,0.0
1578939300000,6.0,0.0
1578939600000,6.0,0.0
1578939900000,3.0,0.0
1578940200000,9.0,0.0
1578940500000,15.0,0.0
1578940800000,7.0,0.0
1578941100000,8.0,0.0
1578941400000,5.0,0.0
1578941700000,5.0,0.0
1578942000000,5.0,0.0
1578942300000,4.0,0.0
1578942600000,6.0,0.0
1578942900000,8.0,0.0
1578943200000,10.0,0.0
1578943500000,9.0,0.0
1578943800000,9.333333333333334,0.0
1578944100000,9.666666666666666,0.0
1578944400000,10.0,0.0
1578944700000,6.0,0.0
1578945000000,2.0,0.0
1578945300000,1.5,0.0
1578945600000,1.0,0.0
1578945900000,7.0,0.0
1578946200000,1.0,0.0
1578946500000,1.0,0.0
1578946800000,1.0,0.0
1578947100000,1.0,0.0
1578947400000,2.0,0.0
1578947700000,2.5,0.0
1578948000000,3.0,0.0
1578948300000,4.0,0.0
1578948600000,6.5,0.0
1578948900000,9.0,0.0
1578949200000,4.0,0.0
1578949500000,5.0,0.0
1578949800000,4.0,0.0
1578950100000,8.0,0.0
1578950400000,4.0,0.0
1578950700000,11.0,0.0
1578951000000,15.0,0.0
1578951300000,5.0,0.0
1578951600000,21.0,0.0
1578951900000,4.0,0.0
1578952200000,16.0,0.0
1578952500000,9.0,0.0
1578952800000,10.0,0.0
1578953100000,3.0,0.0
1578953400000,5.0,0.0
1578953700000,15.0,0.0
1578954000000,18.0,0.0
1578954300000,18.0,0.0
1578954600000,11.0,0.0
1578954900000,5.0,0.0
1578955200000,35.0,0.0
1578955500000,30.0,0.0
1578955800000,30.0,0.0
1578956100000,21.0,0.0
1578956400000,43.0,0.0
1578956700000,42.0,0.0
1578957000000,24.0,0.0
1578957300000,35.0,0.0
1578957600000,36.0,0.0
1578957900000,19.0,0.0
1578958200000,55.0,0.0
1578958500000,41.0,0.0
1578958800000,49.0,0.0
1578959100000,23.0,0.0
1578959400000,25.0,0.0
1578959700000,70.0,0.0
1578960000000,46.0,0.0
1578960300000,99.0,0.0
1578960600000,108.0,0.0
1578960900000,119.0,0.0
1578961200000,135.0,0.0
1578961500000,137.0,0.0
1578961800000,143.0,0.0
1578962100000,212.0,0.0
1578962400000,337.0,0.0
1578962700000,268.0,0.0
1578963000000,302.0,0.0
1578963300000,384.0,0.0
1578963600000,428.0,0.0
1578963900000,394.0,0.0
1578964200000,461.0,0.0
1578964500000,523.0,0.0
1578964800000,455.0,0.0
1578965100000,508.0,0.0
1578965400000,579.0,0.0
1578965700000,408.0,0.0
1578966000000,418.0,0.0
1578966300000,436.0,0.0
1578966600000,315.0,0.0
1578966900000,314.0,0.0
1578967200000,453.0,0.0
1578967500000,361.0,0.0
1578967800000,264.0,0.0
1578968100000,371.0,0.0
1578968400000,176.0,1.0
1578968700000,106.0,1.0
1578969000000,66.0,1.0
1578969300000,61.0,1.0
1578969600000,73.0,1.0
1578969900000,185.0,1.0
1578970200000,74.0,1.0
1578970500000,261.0,1.0
1578970800000,87.0,1.0
1578971100000,162.0,1.0
1578971400000,138.0,1.0
1578971700000,268.0,1.0
1578972000000,300.0,0.0
1578972300000,511.0,0.0
1578972600000,215.0,1.0
1578972900000,297.0,0.0
1578973200000,278.0,0.0
1578973500000,585.0,0.0
1578973800000,746.0,0.0
1578974100000,897.0,0.0
1578974400000,883.0,0.0
1578974700000,848.0,0.0
1578975000000,398.0,0.0
1578975300000,365.0,0.0
1578975600000,352.0,0.0
1578975900000,310.0,0.0
1578976200000,461.0,0.0
1578976500000,572.0,0.0
1578976800000,615.0,0.0
1578977100000,605.0,0.0
1578977400000,629.0,0.0
1578977700000,218.0,1.0
1578978000000,188.0,1.0
1578978300000,208.0,1.0
1578978600000,175.0,1.0
1578978900000,170.0,1.0
1578979200000,539.0,0.0
1578979500000,634.0,0.0
1578979800000,611.0,0.0
1578980100000,664.0,0.0
1578980400000,395.0,0.0
1578980700000,267.0,1.0
1578981000000,260.0,1.0
1578981300000,273.0,1.0
1578981600000,295.0,1.0
1578981900000,474.0,0.0
1578982200000,504.0,0.0
1578982500000,497.0,0.0
1578982800000,487.0,0.0
1578983100000,622.0,0.0
1578983400000,768.0,0.0
1578983700000,643.0,0.0
1578984000000,489.0,0.0
1578984300000,620.0,0.0
1578984600000,588.0,0.0
1578984900000,439.0,0.0
1578985200000,861.0,0.0
1578985500000,1079.0,0.0
1578985800000,497.0,0.0
1578986100000,441.0,0.0
1578986400000,511.0,0.0
1578986700000,234.0,1.0
1578987000000,65.0,1.0
1578987300000,130.0,1.0
1578987600000,91.0,1.0
1578987900000,43.0,1.0
1578988200000,20.0,1.0
1578988500000,125.0,1.0
1578988800000,75.0,1.0
1578989100000,119.0,1.0
1578989400000,119.0,1.0
1578989700000,163.0,1.0
1578990000000,52.0,1.0
1578990300000,130.0,1.0
1578990600000,205.0,1.0
1578990900000,83.0,1.0
1578991200000,415.0,0.0
1578991500000,699.0,0.0
1578991800000,422.0,0.0
1578992100000,1530.0,0.0
1578992400000,888.0,0.0
1578992700000,1406.0,0.0
1578993000000,1007.0,0.0
1578993300000,1463.0,0.0
1578993600000,1006.0,0.0
1578993900000,1026.0,0.0
1578994200000,919.0,0.0
1578994500000,898.0,0.0
1578994800000,811.0,0.0
1578995100000,881.0,0.0
1578995400000,865.0,0.0
1578995700000,715.0,0.0
1578996000000,756.0,0.0
1578996300000,505.0,0.0
1578996600000,471.0,0.0
1578996900000,453.0,0.0
1578997200000,459.0,0.0
1578997500000,369.0,1.0
1578997800000,274.0,1.0
1578998100000,204.0,1.0
1578998400000,198.0,1.0
1578998700000,199.0,1.0
1578999000000,165.0,1.0
1578999300000,187.0,1.0
1578999600000,211.0,1.0
1578999900000,252.0,1.0
1579000200000,227.0,1.0
1579000500000,246.0,1.0
1579000800000,257.0,1.0
1579001100000,336.0,1.0
1579001400000,695.0,0.0
1579001700000,724.0,0.0
1579002000000,763.0,0.0
1579002300000,730.0,0.0
1579002600000,663.0,0.0
1579002900000,954.0,0.0
1579003200000,827.0,0.0
1579003500000,971.0,0.0
1579003800000,997.0,0.0
1579004100000,940.0,0.0
1579004400000,952.0,0.0
1579004700000,895.0,0.0
1579005000000,964.0,0.0
1579005300000,1015.0,0.0
1579005600000,1047.0,0.0
1579005900000,1046.0,0.0
1579006200000,1043.0,0.0
1579006500000,936.0,0.0
1579006800000,974.0,0.0
1579007100000,1135.0,0.0
1579007400000,1019.0,0.0
1579007700000,919.0,0.0
1579008000000,932.0,0.0
1579008300000,887.0,0.0
1579008600000,831.0,0.0
1579008900000,867.0,0.0
1579009200000,768.0,0.0
1579009500000,803.0,0.0
1579009800000,785.0,0.0
1579010100000,668.0,0.0
1579010400000,701.0,0.0
1579010700000,736.0,0.0
1579011000000,626.0,0.0
1579011300000,559.0,0.0
1579011600000,474.0,0.0
1579011900000,531.0,0.0
1579012200000,531.0,0.0
1579012500000,594.0,0.0
1579012800000,493.0,0.0
1579013100000,546.0,0.0
1579013400000,450.0,0.0
1579013700000,370.0,0.0
1579014000000,405.0,0.0
1579014300000,391.0,0.0
1579014600000,372.0,0.0
1579014900000,275.0,0.0
1579015200000,345.0,0.0
1579015500000,248.0,0.0
1579015800000,232.0,0.0
1579016100000,293.0,0.0
1579016400000,250.0,0.0
1579016700000,234.0,0.0
1579017000000,138.0,0.0
1579017300000,160.0,0.0
1579017600000,141.0,0.0
1579017900000,122.0,0.0
1579018200000,20.0,0.0
1579018500000,66.0,0.0
1579018800000,162.0,0.0
1579019100000,113.0,0.0
1579019400000,102.0,0.0
1579019700000,106.0,0.0
1579020000000,33.0,0.0
1579020300000,30.0,0.0
1579020600000,41.0,0.0
1579020900000,23.0,0.0
1579021200000,9.0,0.0
1579021500000,10.0,0.0
1579021800000,11.0,0.0
1579022100000,20.0,0.0
1579022400000,6.0,0.0
1579022700000,2.0,0.0
1579023000000,18.0,0.0
1579023300000,5.0,0.0
1579023600000,16.0,0.0
1579023900000,25.0,0.0
1579024200000,6.0,0.0
1579024500000,11.0,0.0
1579024800000,5.0,0.0
1579025100000,13.0,0.0
1579025400000,9.0,0.0
1579025700000,16.0,0.0
1579026000000,6.0,0.0
1579026300000,13.5,0.0
1579026600000,21.0,0.0
1579026900000,6.0,0.0
1579027200000,7.0,0.0
1579027500000,8.0,0.0
1579027800000,12.0,0.0
1579028100000,5.0,0.0
1579028400000,7.0,0.0
1579028700000,5.5,0.0
1579029000000,4.0,0.0
1579029300000,4.0,0.0
1579029600000,4.0,0.0
1579029900000,4.0,0.0
1579030200000,8.0,0.0
1579030500000,7.0,0.0
1579030800000,2.0,0.0
1579031100000,2.0,0.0
1579031400000,3.0,0.0
1579031700000,2.0,0.0
1579032000000,4.0,0.0
1579032300000,4.0,0.0
1579032600000,3.0,0.0
1579032900000,5.0,0.0
1579033200000,6.0,0.0
1579033500000,6.0,0.0
1579033800000,6.0,0.0
1579034100000,9.0,0.0
1579034400000,14.0,0.0
1579034700000,9.0,0.0
1579035000000,4.0,0.0
1579035300000,7.0,0.0
1579035600000,6.0,0.0
1579035900000,5.0,0.0
1579036200000,5.5,0.0
1579036500000,6.0,0.0
1579036800000,11.0,0.0
1579037100000,20.0,0.0
1579037400000,4.0,0.0
1579037700000,12.0,0.0
1579038000000,7.0,0.0
1579038300000,18.0,0.0
1579038600000,13.0,0.0
1579038900000,11.0,0.0
1579039200000,26.0,0.0
1579039500000,15.0,0.0
1579039800000,14.0,0.0
1579040100000,12.0,0.0
1579040400000,18.0,0.0
1579040700000,6.0,0.0
1579041000000,13.0,0.0
1579041300000,14.0,0.0
1579041600000,17.0,0.0
1579041900000,13.0,0.0
1579042200000,19.0,0.0
1579042500000,10.0,0.0
1579042800000,25.0,0.0
1579043100000,40.0,0.0
1579043400000,25.0,0.0
1579043700000,25.0,0.0
1579044000000,32.0,0.0
1579044300000,33.0,0.0
1579044600000,100.0,0.0
1579044900000,55.0,0.0
1579045200000,30.0,0.0
1579045500000,59.0,0.0
1579045800000,64.0,0.0
1579046100000,83.0,0.0
1579046400000,47.0,0.0
1579046700000,114.0,0.0
1579047000000,152.0,0.0
1579047300000,95.0,0.0
1579047600000,160.0,0.0
1579047900000,195.0,0.0
1579048200000,134.0,0.0
1579048500000,378.0,0.0
1579048800000,260.0,0.0
1579049100000,395.0,0.0
1579049400000,295.0,0.0
1579049700000,414.0,0.0
1579050000000,467.0,0.0
1579050300000,558.0,0.0
1579050600000,428.0,0.0
1579050900000,595.0,0.0
1579051200000,740.0,0.0
1579051500000,598.0,0.0
1579051800000,667.0,0.0
1579052100000,708.0,0.0
1579052400000,683.0,0.0
1579052700000,626.0,0.0
1579053000000,656.0,0.0
1579053300000,717.0,0.0
1579053600000,742.0,0.0
1579053900000,726.0,0.0
1579054200000,523.0,1.0
1579054500000,301.0,1.0
1579054800000,102.0,1.0
1579055100000,131.0,1.0
1579055400000,228.0,1.0
1579055700000,206.0,1.0
1579056000000,400.0,1.0
1579056300000,681.0,1.0
1579056600000,977.0,0.0
1579056900000,1292.0,0.0
1579057200000,963.0,0.0
1579057500000,1270.0,0.0
1579057800000,1054.0,0.0
1579058100000,1782.0,0.0
1579058400000,1337.0,0.0
1579058700000,1380.0,0.0
1579059000000,1692.0,0.0
1579059300000,1588.0,0.0
1579059600000,1593.0,0.0
1579059900000,1647.0,0.0
1579060200000,1517.0,0.0
1579060500000,1331.0,0.0
1579060800000,1483.0,0.0
1579061100000,1418.0,0.0
1579061400000,1093.0,0.0
1579061700000,1149.0,0.0
1579062000000,1024.0,0.0
1579062300000,1147.0,0.0
1579062600000,1135.0,0.0
1579062900000,1000.0,0.0
1579063200000,974.0,0.0
1579063500000,990.0,0.0
1579063800000,1015.0,0.0
1579064100000,890.0,0.0
1579064400000,835.0,0.0
1579064700000,873.0,0.0
1579065000000,930.0,0.0
1579065300000,954.0,0.0
1579065600000,772.0,0.0
1579065900000,915.0,0.0
1579066200000,908.0,0.0
1579066500000,919.0,0.0
1579066800000,922.0,0.0
1579067100000,935.0,0.0
1579067400000,920.0,0.0
1579067700000,876.0,0.0
1579068000000,826.0,0.0
1579068300000,1143.0,0.0
1579068600000,1015.0,0.0
1579068900000,1027.0,0.0
1579069200000,975.0,0.0
1579069500000,1082.0,0.0
1579069800000,1058.0,0.0
1579070100000,1213.0,0.0
1579070400000,1768.0,0.0
1579070700000,1317.0,0.0
1579071000000,1234.0,0.0
1579071300000,1127.0,0.0
1579071600000,1340.0,0.0
1579071900000,1154.0,0.0
1579072200000,1474.0,0.0
1579072500000,1696.0,0.0
1579072800000,1568.0,0.0
1579073100000,1408.0,0.0
1579073400000,1664.0,0.0
1579073700000,1766.0,0.0
1579074000000,1675.0,0.0
1579074300000,1595.0,0.0
1579074600000,1375.0,0.0
1579074900000,1647.0,0.0
1579075200000,1454.0,0.0
1579075500000,1445.0,0.0
1579075800000,856.0,0.0
1579076100000,1288.0,0.0
1579076400000,1147.0,0.0
1579076700000,396.0,1.0
1579077000000,39.0,1.0
1579077300000,186.0,1.0
1579077600000,215.0,1.0
1579077900000,40.0,1.0
1579078200000,97.0,1.0
1579078500000,60.0,1.0
1579078800000,45.0,1.0
1579079100000,105.0,1.0
1579079400000,832.0,0.0
1579079700000,556.0,1.0
1579080000000,1019.0,0.0
1579080300000,1058.0,0.0
1579080600000,1117.0,0.0
1579080900000,1646.0,0.0
1579081200000,1297.0,0.0
1579081500000,1157.0,0.0
1579081800000,382.0,1.0
1579082100000,342.0,1.0
1579082400000,309.0,1.0
1579082700000,369.0,1.0
1579083000000,314.0,1.0
1579083300000,803.0,0.0
1579083600000,716.0,0.0
1579083900000,805.0,0.0
1579084200000,783.0,0.0
1579084500000,828.0,0.0
1579084800000,543.0,1.0
1579085100000,440.0,1.0
1579085400000,447.0,1.0
1579085700000,441.0,1.0
1579086000000,410.0,1.0
1579086300000,404.0,1.0
1579086600000,917.0,0.0
1579086900000,651.0,0.0
1579087200000,659.0,0.0
1579087500000,594.0,1.0
1579087800000,707.0,0.0
1579088100000,637.0,0.0
1579088400000,579.0,1.0
1579088700000,542.0,1.0
1579089000000,525.0,1.0
1579089300000,548.0,1.0
1579089600000,586.0,1.0
1579089900000,889.0,0.0
1579090200000,976.0,0.0
1579090500000,829.0,0.0
1579090800000,992.0,0.0
1579091100000,1080.0,0.0
1579091400000,1143.0,0.0
1579091700000,1127.0,0.0
1579092000000,1122.0,0.0
1579092300000,1091.0,0.0
1579092600000,1094.0,0.0
1579092900000,1124.0,0.0
1579093200000,960.0,0.0
1579093500000,1223.0,0.0
1579093800000,990.0,0.0
1579094100000,1102.0,0.0
1579094400000,1115.0,0.0
1579094700000,1093.0,0.0
1579095000000,1113.6666666666667,0.0
1579095300000,1134.3333333333333,0.0
1579095600000,1155.0,0.0
1579095900000,911.0,0.0
1579096200000,1009.0,0.0
1579096500000,1048.0,0.0
1579096800000,866.0,0.0
1579097100000,974.0,0.0
1579097400000,979.0,0.0
1579097700000,826.0,0.0
1579098000000,918.0,0.0
1579098300000,831.0,0.0
1579098600000,817.0,0.0
1579098900000,833.0,0.0
1579099200000,567.0,0.0
1579099500000,784.0,0.0
1579099800000,729.0,0.0
1579100100000,656.0,0.0
1579100400000,501.0,0.0
1579100700000,672.0,0.0
1579101000000,577.0,0.0
1579101300000,552.0,0.0
1579101600000,455.0,0.0
1579101900000,432.0,0.0
1579102200000,394.0,0.0
1579102500000,549.0,0.0
1579102800000,406.0,0.0
1579103100000,372.0,0.0
1579103400000,308.0,0.0
1579103700000,262.0,0.0
1579104000000,254.0,0.0
1579104300000,348.0,0.0
1579104600000,201.0,0.0
1579104900000,138.0,0.0
1579105200000,113.0,0.0
1579105500000,160.0,0.0
1579105800000,74.0,0.0
1579106100000,190.0,0.0
1579106400000,114.0,0.0
1579106700000,66.0,0.0
1579107000000,100.0,0.0
1579107300000,113.0,0.0
1579107600000,41.0,0.0
1579107900000,108.0,0.0
1579108200000,34.0,0.0
1579108500000,52.0,0.0
1579108800000,31.0,0.0
1579109100000,13.0,0.0
1579109400000,4.0,0.0
1579109700000,9.0,0.0
1579110000000,4.0,0.0
1579110300000,11.0,0.0
1579110600000,6.0,0.0
1579110900000,17.0,0.0
1579111200000,9.0,0.0
1579111500000,1.0,0.0
1579111800000,3.0,0.0
1579112100000,6.0,0.0
1579112400000,5.0,0.0
1579112700000,9.0,0.0
1579113000000,15.0,0.0
1579113300000,1.0,0.0
1579113600000,1.0,0.0
1579113900000,1.0,0.0
1579114200000,5.0,0.0
1579114500000,7.0,0.0
1579114800000,13.0,0.0
1579115100000,6.0,0.0
1579115400000,4.333333333333333,0.0
1579115700000,2.6666666666666665,0.0
1579116000000,1.0,0.0
1579116300000,6.0,0.0
1579116600000,6.0,0.0
1579116900000,13.0,0.0
1579117200000,2.0,0.0
1579117500000,3.0,0.0
1579117800000,4.0,0.0
1579118100000,2.5,0.0
1579118400000,1.0,0.0
1579118700000,1.0,0.0
1579119000000,2.5,0.0
1579119300000,4.0,0.0
1579119600000,4.333333333333333,0.0
1579119900000,4.666666666666667,0.0
1579120200000,5.0,0.0
1579120500000,2.0,0.0
1579120800000,1.0,0.0
1579121100000,7.0,0.0
1579121400000,8.5,0.0
1579121700000,10.0,0.0
1579122000000,13.5,0.0
1579122300000,17.0,0.0
1579122600000,4.0,0.0
1579122900000,13.0,0.0
1579123200000,12.0,0.0
1579123500000,13.0,0.0
1579123800000,15.0,0.0
1579124100000,19.0,0.0
1579124400000,13.0,0.0
1579124700000,4.0,0.0
1579125000000,9.0,0.0
1579125300000,8.0,0.0
1579125600000,7.0,0.0
1579125900000,135.0,0.0
1579126200000,4.0,0.0
1579126500000,6.0,0.0
1579126800000,31.0,0.0
1579127100000,7.0,0.0
1579127400000,11.0,0.0
1579127700000,33.0,0.0
1579128000000,26.0,0.0
1579128300000,16.0,0.0
1579128600000,39.0,0.0
1579128900000,14.0,0.0
1579129200000,35.0,0.0
1579129500000,25.0,0.0
1579129800000,49.0,0.0
1579130100000,50.0,0.0
1579130400000,32.0,0.0
1579130700000,18.0,0.0
1579131000000,53.0,0.0
1579131300000,39.0,0.0
1579131600000,32.0,0.0
1579131900000,38.0,0.0
1579132200000,34.0,0.0
1579132500000,24.0,0.0
1579132800000,71.0,0.0
1579133100000,92.0,0.0
1579133400000,123.0,0.0
1579133700000,174.0,0.0
1579134000000,154.0,0.0
1579134300000,155.0,0.0
1579134600000,272.0,0.0
1579134900000,307.0,0.0
1579135200000,252.0,0.0
1579135500000,340.0,0.0
1579135800000,373.71428571428567,0.0
1579136100000,407.4285714285714,0.0
1579136400000,441.1428571428571,0.0
1579136700000,474.8571428571429,0.0
1579137000000,508.57142857142856,0.0
1579137300000,542.2857142857142,0.0
1579137600000,576.0,0.0
1579137900000,609.7142857142858,0.0
1579138200000,643.4285714285714,0.0
1579138500000,677.1428571428571,0.0
1579138800000,710.8571428571429,0.0
1579139100000,744.5714285714287,0.0
1579139400000,778.2857142857142,0.0
1579139700000,812.0,0.0
1579140000000,845.7142857142858,0.0
1579140300000,879.4285714285713,0.0
1579140600000,913.1428571428572,0.0
1579140900000,946.8571428571428,0.0
1579141200000,980.5714285714287,0.0
1579141500000,1014.2857142857144,0.0
1579141800000,1048.0,0.0
1579142100000,1081.7142857142858,0.0
1579142400000,1115.4285714285716,0.0
1579142700000,1149.142857142857,0.0
1579143000000,1182.857142857143,0.0
1579143300000,1216.5714285714284,0.0
1579143600000,1250.2857142857142,0.0
1579143900000,1284.0,0.0
1579144200000,1317.7142857142858,0.0
1579144500000,1351.4285714285716,0.0
1579144800000,1385.142857142857,0.0
1579145100000,1418.857142857143,0.0
1579145400000,1452.5714285714291,0.0
1579145700000,1486.2857142857142,0.0
1579146000000,1520.0,0.0
1579146300000,1275.0,0.0
1579146600000,1170.0,0.0
1579146900000,886.0,0.0
1579147200000,981.0,0.0
1579147500000,1061.0,0.0
1579147800000,1025.0,0.0
1579148100000,955.0,0.0
1579148400000,931.0,0.0
1579148700000,841.0,0.0
1579149000000,1137.0,0.0
1579149300000,1031.0,0.0
1579149600000,964.0,0.0
1579149900000,862.0,0.0
1579150200000,887.0,0.0
1579150500000,798.0,0.0
1579150800000,920.0,0.0
1579151100000,989.0,0.0
1579151400000,986.0,0.0
1579151700000,919.0,0.0
1579152000000,822.0,0.0
1579152300000,852.0,0.0
1579152600000,844.0,0.0
1579152900000,1006.0,0.0
1579153200000,908.0,0.0
1579153500000,1039.0,0.0
1579153800000,972.0,0.0
1579154100000,982.0,0.0
1579154400000,957.0,0.0
1579154700000,956.0,0.0
1579155000000,894.0,0.0
1579155300000,954.0,0.0
1579155600000,1021.0,0.0
1579155900000,963.0,0.0
1579156200000,1194.0,0.0
1579156500000,1059.0,0.0
1579156800000,1162.0,0.0
1579157100000,1244.0,0.0
1579157400000,1265.0,0.0
1579157700000,1420.0,0.0
1579158000000,1358.0,0.0
1579158300000,1556.0,0.0
1579158600000,1352.0,0.0
1579158900000,1320.0,0.0
1579159200000,1544.0,0.0
1579159500000,1553.0,0.0
1579159800000,1619.0,0.0
1579160100000,1667.0,0.0
1579160400000,1534.0,0.0
1579160700000,1685.0,0.0
1579161000000,1712.0,0.0
1579161300000,1635.0,0.0
1579161600000,1591.0,0.0
1579161900000,2058.0,0.0
1579162200000,1577.0,0.0
1579162500000,1492.0,0.0
1579162800000,1909.0,0.0
1579163100000,1887.0,0.0
1579163400000,1870.0,0.0
1579163700000,2193.0,0.0
1579164000000,1916.0,0.0
1579164300000,2163.0,0.0
1579164600000,2345.0,0.0
1579164900000,2188.0,0.0
1579165200000,2175.0,0.0
1579165500000,2281.0,0.0
1579165800000,2080.0,0.0
1579166100000,1768.0,0.0
1579166400000,1847.0,0.0
1579166700000,1728.0,0.0
1579167000000,1512.0,0.0
1579167300000,1725.0,0.0
1579167600000,1285.0,0.0
1579167900000,1226.0,0.0
1579168200000,1215.0,0.0
1579168500000,1264.0,0.0
1579168800000,1116.0,0.0
1579169100000,1209.0,0.0
1579169400000,1255.0,0.0
1579169700000,1169.0,0.0
1579170000000,1134.0,0.0
1579170300000,994.0,0.0
1579170600000,981.0,0.0
1579170900000,997.0,0.0
1579171200000,949.0,0.0
1579171500000,800.0,0.0
1579171800000,892.0,0.0
1579172100000,922.0,0.0
1579172400000,1009.0,0.0
1579172700000,1013.0,0.0
1579173000000,871.0,0.0
1579173300000,851.0,0.0
1579173600000,931.0,0.0
1579173900000,980.0,0.0
1579174200000,994.0,0.0
1579174500000,914.0,0.0
1579174800000,1101.0,0.0
1579175100000,996.0,0.0
1579175400000,1042.0,0.0
1579175700000,1135.0,0.0
1579176000000,1065.0,0.0
1579176300000,1183.0,0.0
1579176600000,1047.0,0.0
1579176900000,1446.0,0.0
1579177200000,1231.0,0.0
1579177500000,1077.0,0.0
1579177800000,1109.0,0.0
1579178100000,1116.0,0.0
1579178400000,1136.0,0.0
1579178700000,1126.0,0.0
1579179000000,1237.0,0.0
1579179300000,1094.0,0.0
1579179600000,1089.0,0.0
1579179900000,1418.0,0.0
1579180200000,1189.0,0.0
1579180500000,1042.0,0.0
1579180800000,1083.0,0.0
1579181100000,1147.0,0.0
1579181400000,1115.0,0.0
1579181700000,1144.0,0.0
1579182000000,922.0,0.0
1579182300000,924.0,0.0
1579182600000,877.0,0.0
1579182900000,942.0,0.0
1579183200000,1105.0,0.0
1579183500000,1084.0,0.0
1579183800000,983.0,0.0
1579184100000,778.0,0.0
1579184400000,796.0,0.0
1579184700000,975.0,0.0
1579185000000,697.0,0.0
1579185300000,869.0,0.0
1579185600000,691.0,0.0
1579185900000,880.0,0.0
1579186200000,795.0,0.0
1579186500000,623.0,0.0
1579186800000,676.0,0.0
1579187100000,852.0,0.0
1579187400000,573.0,0.0
1579187700000,689.0,0.0
1579188000000,673.0,0.0
1579188300000,503.0,0.0
1579188600000,462.0,0.0
1579188900000,814.0,0.0
1579189200000,481.0,0.0
1579189500000,426.0,0.0
1579189800000,503.0,0.0
1579190100000,391.0,0.0
1579190400000,269.0,0.0
1579190700000,601.0,0.0
1579191000000,311.0,0.0
1579191300000,219.0,0.0
1579191600000,203.0,0.0
1579191900000,158.0,0.0
1579192200000,161.0,0.0
1579192500000,253.0,0.0
1579192800000,97.0,0.0
1579193100000,123.0,0.0
1579193400000,64.0,0.0
1579193700000,91.0,0.0
1579194000000,30.0,0.0
1579194300000,255.0,0.0
1579194600000,26.0,0.0
1579194900000,63.0,0.0
1579195200000,22.0,0.0
1579195500000,18.0,0.0
1579195800000,19.0,0.0
1579196100000,61.0,0.0
1579196400000,33.0,0.0
1579196700000,18.0,0.0
1579197000000,20.0,0.0
1579197300000,20.0,0.0
1579197600000,30.0,0.0
1579197900000,32.0,0.0
1579198200000,14.0,0.0
1579198500000,3.0,0.0
1579198800000,21.0,0.0
1579199100000,8.0,0.0
1579199400000,2.0,0.0
1579199700000,11.0,0.0
1579200000000,3.0,0.0
1579200300000,3.0,0.0
1579200600000,2.0,0.0
1579200900000,1.0,0.0
1579201200000,8.0,0.0
1579201500000,12.0,0.0
1579201800000,6.0,0.0
1579202100000,7.0,0.0
1579202400000,5.0,0.0
1579202700000,1.0,0.0
1579203000000,9.0,0.0
1579203300000,5.0,0.0
1579203600000,2.0,0.0
1579203900000,3.5,0.0
1579204200000,5.0,0.0
1579204500000,9.0,0.0
1579204800000,3.0,0.0
1579205100000,17.0,0.0
1579205400000,4.0,0.0
1579205700000,5.0,0.0
1579206000000,9.0,0.0
1579206300000,17.5,0.0
1579206600000,26.0,0.0
1579206900000,33.0,0.0
1579207200000,17.0,0.0
1579207500000,1.0,0.0
1579207800000,2.0,0.0
1579208100000,1.0,0.0
1579208400000,4.0,0.0
1579208700000,33.0,0.0
1579209000000,6.0,0.0
1579209300000,5.0,0.0
1579209600000,1.0,0.0
1579209900000,10.0,0.0
1579210200000,11.0,0.0
1579210500000,99.0,0.0
1579210800000,15.0,0.0
1579211100000,3.0,0.0
1579211400000,17.0,0.0
1579211700000,13.0,0.0
1579212000000,6.0,0.0
1579212300000,234.0,0.0
1579212600000,11.0,0.0
1579212900000,19.0,0.0
1579213200000,25.0,0.0
1579213500000,52.0,0.0
1579213800000,28.0,0.0
1579214100000,80.0,0.0
1579214400000,34.0,0.0
1579214700000,57.0,0.0
1579215000000,9.0,0.0
1579215300000,31.0,0.0
1579215600000,59.0,0.0
1579215900000,160.0,0.0
1579216200000,53.0,0.0
1579216500000,150.0,0.0
1579216800000,61.0,0.0
1579217100000,59.0,0.0
1579217400000,80.0,0.0
1579217700000,81.0,0.0
1579218000000,100.0,0.0
1579218300000,62.0,0.0
1579218600000,66.0,0.0
1579218900000,97.0,0.0
1579219200000,97.0,0.0
1579219500000,124.0,0.0
1579219800000,139.0,0.0
1579220100000,182.0,0.0
1579220400000,213.0,0.0
1579220700000,192.0,0.0
1579221000000,192.0,0.0
1579221300000,371.0,0.0
1579221600000,385.0,0.0
1579221900000,418.0,0.0
1579222200000,456.0,0.0
1579222500000,596.0,0.0
1579222800000,663.0,0.0
1579223100000,542.0,0.0
1579223400000,802.0,0.0
1579223700000,799.0,0.0
1579224000000,578.0,0.0
1579224300000,583.0,0.0
1579224600000,585.0,0.0
1579224900000,751.0,0.0
1579225200000,584.0,0.0
1579225500000,542.0,0.0
1579225800000,585.0,0.0
1579226100000,700.0,0.0
1579226400000,1355.0,0.0
1579226700000,516.0,0.0
1579227000000,313.0,0.0
1579227300000,385.0,0.0
1579227600000,447.0,0.0
1579227900000,433.0,0.0
1579228200000,400.0,0.0
1579228500000,529.0,0.0
1579228800000,466.0,0.0
1579229100000,522.0,0.0
1579229400000,524.0,0.0
1579229700000,443.0,0.0
1579230000000,656.0,0.0
1579230300000,772.0,0.0
1579230600000,607.0,0.0
1579230900000,479.0,0.0
1579231200000,823.0,0.0
1579231500000,954.0,0.0
1579231800000,1175.0,0.0
1579232100000,1448.0,0.0
1579232400000,1526.0,0.0
1579232700000,1551.0,0.0
1579233000000,1266.0,0.0
1579233300000,1230.0,0.0
1579233600000,1049.0,0.0
1579233900000,1291.0,0.0
1579234200000,1291.0,0.0
1579234500000,1196.0,0.0
1579234800000,1072.0,0.0
1579235100000,1057.0,0.0
1579235400000,1022.0,0.0
1579235700000,1341.0,0.0
1579236000000,1023.0,0.0
1579236300000,984.0,0.0
1579236600000,951.0,0.0
1579236900000,1010.0,0.0
1579237200000,925.0,0.0
1579237500000,1181.0,0.0
1579237800000,989.0,0.0
1579238100000,1058.0,0.0
1579238400000,888.0,0.0
1579238700000,916.0,0.0
1579239000000,954.0,0.0
1579239300000,1038.0,0.0
1579239600000,845.0,0.0
1579239900000,1104.0,0.0
1579240200000,1094.0,0.0
1579240500000,949.0,0.0
1579240800000,1048.0,0.0
1579241100000,1058.0,0.0
1579241400000,1147.0,0.0
1579241700000,1188.0,0.0
1579242000000,1201.0,0.0
1579242300000,1229.0,0.0
1579242600000,1186.0,0.0
1579242900000,1185.0,0.0
1579243200000,1420.0,0.0
1579243500000,1377.0,0.0
1579243800000,1678.0,0.0
1579244100000,1411.0,0.0
1579244400000,1599.0,0.0
1579244700000,1756.0,0.0
1579245000000,1687.0,0.0
1579245300000,1478.0,0.0
1579245600000,1758.0,0.0
1579245900000,1672.0,0.0
1579246200000,1740.0,0.0
1579246500000,1711.0,0.0
1579246800000,1582.0,0.0
1579247100000,1743.0,0.0
1579247400000,1759.0,0.0
1579247700000,1649.0,0.0
1579248000000,2486.0,0.0
1579248300000,1271.0,0.0
1579248600000,1261.0,0.0
1579248900000,1796.0,0.0
1579249200000,1297.0,0.0
1579249500000,1808.0,0.0
1579249800000,1832.0,0.0
1579250100000,2584.0,0.0
1579250400000,2348.0,0.0
1579250700000,2223.0,0.0
1579251000000,2218.0,0.0
1579251300000,2343.0,0.0
1579251600000,2026.0,0.0
1579251900000,1941.0,0.0
1579252200000,2025.0,0.0
1579252500000,1812.0,0.0
1579252800000,1784.0,0.0
1579253100000,1707.0,0.0
1579253400000,1260.0,0.0
1579253700000,2030.0,0.0
1579254000000,1547.0,0.0
1579254300000,1520.0,0.0
1579254600000,1315.0,0.0
1579254900000,1273.0,0.0
1579255200000,1211.0,0.0
1579255500000,1349.0,0.0
1579255800000,1120.0,0.0
1579256100000,1188.0,0.0
1579256400000,1074.0,0.0
1579256700000,1112.0,0.0
1579257000000,1000.0,0.0
1579257300000,1339.0,0.0
1579257600000,1194.0,0.0
1579257900000,1023.0,0.0
1579258200000,887.0,0.0
1579258500000,981.0,0.0
1579258800000,897.0,0.0
1579259100000,1184.0,0.0
1579259400000,877.0,0.0
1579259700000,997.0,0.0
1579260000000,956.0,0.0
1579260300000,1447.0,0.0
1579260600000,936.0,0.0
1579260900000,1250.0,0.0
1579261200000,1259.0,0.0
1579261500000,1040.0,0.0
1579261800000,974.0,0.0
1579262100000,1049.0,0.0
1579262400000,1644.0,0.0
1579262700000,960.0,0.0
1579263000000,1396.0,0.0
1579263300000,1153.0,0.0
1579263600000,1120.0,0.0
1579263900000,1194.0,0.0
1579264200000,1291.0,0.0
1579264500000,1155.0,0.0
1579264800000,1314.0,0.0
1579265100000,1291.0,0.0
1579265400000,1205.0,0.0
1579265700000,1241.0,0.0
1579266000000,1050.0,0.0
1579266300000,1410.0,0.0
1579266600000,1538.0,0.0
1579266900000,1148.0,0.0
1579267200000,1371.0,0.0
1579267500000,1150.0,0.0
1579267800000,1290.0,0.0
1579268100000,1041.0,0.0
1579268400000,1390.0,0.0
1579268700000,1148.0,0.0
1579269000000,997.0,0.0
1579269300000,1182.0,0.0
1579269600000,937.0,0.0
1579269900000,910.0,0.0
1579270200000,795.0,0.0
1579270500000,1035.0,0.0
1579270800000,993.0,0.0
1579271100000,963.0,0.0
1579271400000,777.0,0.0
1579271700000,794.0,0.0
1579272000000,756.0,0.0
1579272300000,708.0,0.0
1579272600000,729.0,0.0
1579272900000,686.0,0.0
1579273200000,738.0,0.0
1579273500000,476.0,0.0
1579273800000,632.0,0.0
1579274100000,552.0,0.0
1579274400000,484.0,0.0
1579274700000,436.0,0.0
1579275000000,412.0,0.0
1579275300000,356.0,0.0
1579275600000,346.0,0.0
1579275900000,322.0,0.0
1579276200000,336.0,0.0
1579276500000,331.0,0.0
1579276800000,256.0,0.0
1579277100000,368.0,0.0
1579277400000,187.0,0.0
1579277700000,255.0,0.0
1579278000000,406.0,0.0
1579278300000,143.0,0.0
1579278600000,136.0,0.0
1579278900000,152.0,0.0
1579279200000,113.0,0.0
1579279500000,102.0,0.0
1579279800000,50.0,0.0
1579280100000,65.0,0.0
1579280400000,71.0,0.0
1579280700000,29.0,0.0
1579281000000,47.0,0.0
1579281300000,29.0,0.0
1579281600000,46.0,0.0
1579281900000,24.0,0.0
1579282200000,28.0,0.0
1579282500000,33.0,0.0
1579282800000,25.0,0.0
1579283100000,14.0,0.0
1579283400000,19.0,0.0
1579283700000,9.0,0.0
1579284000000,22.0,0.0
1579284300000,20.0,0.0
1579284600000,28.0,0.0
1579284900000,24.0,0.0
1579285200000,31.0,0.0
1579285500000,7.0,0.0
1579285800000,4.0,0.0
1579286100000,4.0,0.0
1579286400000,5.0,0.0
1579286700000,3.0,0.0
1579287000000,1.0,0.0
1579287300000,3.0,0.0
1579287600000,26.0,0.0
1579287900000,30.0,0.0
1579288200000,11.0,0.0
1579288500000,2.0,0.0
1579288800000,7.0,0.0
1579289100000,7.0,0.0
1579289400000,7.0,0.0
1579289700000,20.0,0.0
1579290000000,7.0,0.0
1579290300000,5.0,0.0
1579290600000,13.0,0.0
1579290900000,15.0,0.0
1579291200000,3.0,0.0
1579291500000,7.0,0.0
1579291800000,2.0,0.0
1579292100000,6.5,0.0
1579292400000,11.0,0.0
1579292700000,3.0,0.0
1579293000000,19.0,0.0
1579293300000,23.0,0.0
1579293600000,4.0,0.0
1579293900000,18.0,0.0
1579294200000,2.0,0.0
1579294500000,2.0,0.0
1579294800000,2.0,0.0
1579295100000,2.0,0.0
1579295400000,2.0,0.0
1579295700000,1.0,0.0
1579296000000,2.0,0.0
1579296300000,3.0,0.0
1579296600000,2.0,0.0
1579296900000,3.0,0.0
1579297200000,2.0,0.0
1579297500000,6.0,0.0
1579297800000,4.0,0.0
1579298100000,3.5,0.0
1579298400000,3.0,0.0
1579298700000,7.0,0.0
1579299000000,1.0,0.0
1579299300000,4.0,0.0
1579299600000,8.0,0.0
1579299900000,18.0,0.0
1579300200000,10.0,0.0
1579300500000,7.0,0.0
1579300800000,16.0,0.0
1579301100000,12.0,0.0
1579301400000,21.0,0.0
1579301700000,46.0,0.0
1579302000000,30.0,0.0
1579302300000,149.0,0.0
1579302600000,44.0,0.0
1579302900000,73.0,0.0
1579303200000,41.0,0.0
1579303500000,29.0,0.0
1579303800000,39.0,0.0
1579304100000,57.0,0.0
1579304400000,33.0,0.0
1579304700000,65.0,0.0
1579305000000,75.0,0.0
1579305300000,61.0,0.0
1579305600000,66.0,0.0
1579305900000,81.0,0.0
1579306200000,77.0,0.0
1579306500000,102.0,0.0
1579306800000,146.0,0.0
1579307100000,236.0,0.0
1579307400000,266.0,0.0
1579307700000,271.0,0.0
1579308000000,282.0,0.0
1579308300000,196.0,0.0
1579308600000,159.0,0.0
1579308900000,403.0,0.0
1579309200000,375.0,0.0
1579309500000,333.0,0.0
1579309800000,531.0,0.0
1579310100000,506.0,0.0
1579310400000,511.0,0.0
1579310700000,502.0,0.0
1579311000000,576.0,0.0
1579311300000,557.0,0.0
1579311600000,572.0,0.0
1579311900000,583.0,0.0
1579312200000,750.0,0.0
1579312500000,726.0,0.0
1579312800000,769.0,0.0
1579313100000,947.0,0.0
1579313400000,971.0,0.0
1579313700000,1025.0,0.0
1579314000000,1026.0,0.0
1579314300000,1049.0,0.0
1579314600000,995.0,0.0
1579314900000,1120.0,0.0
1579315200000,1084.0,0.0
1579315500000,1413.0,0.0
1579315800000,1393.0,0.0
1579316100000,1563.0,0.0
1579316400000,1562.0,0.0
1579316700000,1688.0,0.0
1579317000000,1703.0,0.0
1579317300000,1627.0,0.0
1579317600000,1174.0,0.0
1579317900000,1404.0,0.0
1579318200000,2094.0,0.0
1579318500000,1626.0,0.0
1579318800000,1512.0,0.0
1579319100000,1687.0,0.0
1579319400000,1556.0,0.0
1579319700000,1701.0,0.0
1579320000000,1608.0,0.0
1579320300000,1554.0,0.0
1579320600000,1320.0,0.0
1579320900000,1250.0,0.0
1579321200000,1225.0,0.0
1579321500000,1204.0,0.0
1579321800000,1135.0,0.0
1579322100000,1152.0,0.0
1579322400000,1281.0,0.0
1579322700000,1031.0,0.0
1579323000000,957.0,0.0
1579323300000,934.0,0.0
1579323600000,1147.0,0.0
1579323900000,872.0,0.0
1579324200000,865.0,0.0
1579324500000,1030.0,0.0
1579324800000,1004.0,0.0
1579325100000,1120.0,0.0
1579325400000,894.0,0.0
1579325700000,1054.0,0.0
1579326000000,976.0,0.0
1579326300000,1110.0,0.0
1579326600000,1073.0,0.0
1579326900000,1098.0,0.0
1579327200000,1297.0,0.0
1579327500000,1061.0,0.0
1579327800000,1212.0,0.0
1579328100000,1099.0,0.0
1579328400000,1114.0,0.0
1579328700000,969.0,0.0
1579329000000,1119.0,0.0
1579329300000,984.0,0.0
1579329600000,1226.0,0.0
1579329900000,1154.0,0.0
1579330200000,1254.0,0.0
1579330500000,1324.0,0.0
1579330800000,1281.0,0.0
1579331100000,1743.0,0.0
1579331400000,1266.0,0.0
1579331700000,1600.0,0.0
1579332000000,1429.0,0.0
1579332300000,1510.0,0.0
1579332600000,1482.0,0.0
1579332900000,1459.0,0.0
1579333200000,1503.0,0.0
1579333500000,1697.0,0.0
1579333800000,1821.0,0.0
1579334100000,1665.0,0.0
1579334400000,1726.0,0.0
1579334700000,1931.0,0.0
1579335000000,2319.0,0.0
1579335300000,1811.0,0.0
1579335600000,1838.0,0.0
1579335900000,2061.0,0.0
1579336200000,2125.0,0.0
1579336500000,2067.0,0.0
1579336800000,1977.0,0.0
1579337100000,2067.0,0.0
1579337400000,2058.0,0.0
1579337700000,2057.0,0.0
1579338000000,1892.0,0.0
1579338300000,1951.0,0.0
1579338600000,1772.0,0.0
1579338900000,1672.0,0.0
1579339200000,1772.0,0.0
1579339500000,1893.0,0.0
1579339800000,1838.0,0.0
1579340100000,1346.0,0.0
1579340400000,1523.0,0.0
1579340700000,1505.0,0.0
1579341000000,1433.0,0.0
1579341300000,1225.0,0.0
1579341600000,1168.0,0.0
1579341900000,1187.0,0.0
1579342200000,1548.0,0.0
1579342500000,1115.0,0.0
1579342800000,1136.0,0.0
1579343100000,1069.0,0.0
1579343400000,924.0,0.0
1579343700000,1071.0,0.0
1579344000000,942.0,0.0
1579344300000,1088.0,0.0
1579344600000,993.0,0.0
1579344900000,856.0,0.0
1579345200000,903.0,0.0
1579345500000,1202.0,0.0
1579345800000,907.0,0.0
1579346100000,996.0,0.0
1579346400000,946.0,0.0
1579346700000,1024.0,0.0
1579347000000,930.0,0.0
1579347300000,1347.0,0.0
1579347600000,924.0,0.0
1579347900000,1106.0,0.0
1579348200000,1016.0,0.0
1579348500000,1227.0,0.0
1579348800000,876.0,0.0
1579349100000,1109.0,0.0
1579349400000,1097.0,0.0
1579349700000,1187.0,0.0
1579350000000,1186.0,0.0
1579350300000,1081.0,0.0
1579350600000,1208.0,0.0
1579350900000,1271.0,0.0
1579351200000,1204.0,0.0
1579351500000,1198.0,0.0
1579351800000,1202.0,0.0
1579352100000,1267.0,0.0
1579352400000,1236.0,0.0
1579352700000,1269.0,0.0
1579353000000,1181.0,0.0
1579353300000,1226.0,0.0
1579353600000,1163.0,0.0
1579353900000,1135.0,0.0
1579354200000,1045.0,0.0
1579354500000,1144.0,0.0
1579354800000,1170.0,0.0
1579355100000,1198.0,0.0
1579355400000,1069.0,0.0
1579355700000,927.0,0.0
1579356000000,1016.0,0.0
1579356300000,1023.0,0.0
1579356600000,895.0,0.0
1579356900000,946.0,0.0
1579357200000,874.0,0.0
1579357500000,1170.0,0.0
1579357800000,577.0,0.0
1579358100000,946.0,0.0
1579358400000,762.0,0.0
1579358700000,778.0,0.0
1579359000000,705.0,0.0
1579359300000,657.0,0.0
1579359600000,633.0,0.0
1579359900000,634.0,0.0
1579360200000,635.0,0.0
1579360500000,686.0,0.0
1579360800000,501.0,0.0
1579361100000,468.0,0.0
1579361400000,379.0,0.0
1579361700000,363.0,0.0
1579362000000,397.0,0.0
1579362300000,403.0,0.0
1579362600000,338.0,0.0
1579362900000,264.0,0.0
1579363200000,259.0,0.0
1579363500000,386.0,0.0
1579363800000,345.0,0.0
1579364100000,246.0,0.0
1579364400000,175.0,0.0
1579364700000,188.0,0.0
1579365000000,115.0,0.0
1579365300000,95.0,0.0
1579365600000,93.0,0.0
1579365900000,58.0,0.0
1579366200000,118.0,0.0
1579366500000,83.0,0.0
1579366800000,53.0,0.0
1579367100000,41.0,0.0
1579367400000,48.0,0.0
1579367700000,70.0,0.0
1579368000000,29.0,0.0
1579368300000,37.0,0.0
1579368600000,25.0,0.0
1579368900000,21.0,0.0
1579369200000,19.0,0.0
1579369500000,27.0,0.0
1579369800000,13.0,0.0
1579370100000,6.0,0.0
1579370400000,18.0,0.0
1579370700000,18.0,0.0
1579371000000,21.0,0.0
1579371300000,23.0,0.0
1579371600000,10.0,0.0
1579371900000,19.0,0.0
1579372200000,23.0,0.0
1579372500000,14.0,0.0
1579372800000,13.0,0.0
1579373100000,9.0,0.0
1579373400000,1.0,0.0
1579373700000,20.0,0.0
1579374000000,16.0,0.0
1579374300000,5.0,0.0
1579374600000,1.0,0.0
1579374900000,2.0,0.0
1579375200000,5.0,0.0
1579375500000,6.5,0.0
1579375800000,8.0,0.0
1579376100000,6.0,0.0
1579376400000,6.0,0.0
1579376700000,6.0,0.0
1579377000000,5.666666666666668,0.0
1579377300000,5.333333333333333,0.0
1579377600000,5.0,0.0
1579377900000,8.0,0.0
1579378200000,13.0,0.0
1579378500000,3.0,0.0
1579378800000,7.0,0.0
1579379100000,7.0,0.0
1579379400000,11.0,0.0
1579379700000,15.0,0.0
1579380000000,11.0,0.0
1579380300000,7.0,0.0
1579380600000,5.0,0.0
1579380900000,2.0,0.0
1579381200000,10.0,0.0
1579381500000,13.0,0.0
1579381800000,2.0,0.0
1579382100000,2.0,0.0
1579382400000,5.0,0.0
1579382700000,7.0,0.0
1579383000000,18.0,0.0
1579383300000,12.0,0.0
1579383600000,9.0,0.0
1579383900000,7.0,0.0
1579384200000,1.0,0.0
1579384500000,3.0,0.0
1579384800000,10.0,0.0
1579385100000,9.0,0.0
1579385400000,18.0,0.0
1579385700000,19.0,0.0
1579386000000,12.0,0.0
1579386300000,12.0,0.0
1579386600000,7.0,0.0
1579386900000,25.0,0.0
1579387200000,19.0,0.0
1579387500000,20.0,0.0
1579387800000,31.0,0.0
1579388100000,41.0,0.0
1579388400000,40.0,0.0
1579388700000,55.0,0.0
1579389000000,32.0,0.0
1579389300000,60.0,0.0
1579389600000,14.0,0.0
1579389900000,50.0,0.0
1579390200000,59.0,0.0
1579390500000,49.0,0.0
1579390800000,49.0,0.0
1579391100000,64.0,0.0
1579391400000,90.0,0.0
1579391700000,92.0,0.0
1579392000000,86.0,0.0
1579392300000,142.0,0.0
1579392600000,170.0,0.0
1579392900000,151.0,0.0
1579393200000,239.0,0.0
1579393500000,250.0,0.0
1579393800000,393.0,0.0
1579394100000,316.0,0.0
1579394400000,396.0,0.0
1579394700000,281.0,0.0
1579395000000,466.0,0.0
1579395300000,563.0,0.0
1579395600000,569.0,0.0
1579395900000,602.0,0.0
1579396200000,527.0,0.0
1579396500000,625.0,0.0
1579396800000,832.0,0.0
1579397100000,762.0,0.0
1579397400000,941.0,0.0
1579397700000,946.0,0.0
1579398000000,880.0,0.0
1579398300000,1100.0,0.0
1579398600000,1106.0,0.0
1579398900000,1050.0,0.0
1579399200000,854.0,0.0
1579399500000,1509.0,0.0
1579399800000,1112.0,0.0
1579400100000,1459.0,0.0
1579400400000,1203.0,0.0
1579400700000,1347.0,0.0
1579401000000,1487.0,0.0
1579401300000,1523.0,0.0
1579401600000,1339.0,0.0
1579401900000,1262.0,0.0
1579402200000,1656.0,0.0
1579402500000,1898.0,0.0
1579402800000,1902.0,0.0
1579403100000,1837.0,0.0
1579403400000,1741.0,0.0
1579403700000,1753.0,0.0
1579404000000,1481.0,0.0
1579404300000,1561.0,0.0
1579404600000,1865.0,0.0
1579404900000,1868.0,0.0
1579405200000,1948.0,0.0
1579405500000,2101.0,0.0
1579405800000,2048.0,0.0
1579406100000,2012.0,0.0
1579406400000,1940.0,0.0
1579406700000,1730.0,0.0
1579407000000,1598.0,0.0
1579407300000,1571.0,0.0
1579407600000,1419.0,0.0
1579407900000,1310.0,0.0
1579408200000,1221.0,0.0
1579408500000,1463.0,0.0
1579408800000,1260.0,0.0
1579409100000,1131.0,0.0
1579409400000,1012.0,0.0
1579409700000,995.0,0.0
1579410000000,1089.0,0.0
1579410300000,1145.0,0.0
1579410600000,928.0,0.0
1579410900000,997.0,0.0
1579411200000,1063.0,0.0
1579411500000,1126.0,0.0
1579411800000,1171.0,0.0
1579412100000,1207.0,0.0
1579412400000,1119.0,0.0
1579412700000,1050.0,0.0
1579413000000,1057.0,0.0
1579413300000,1201.0,0.0
1579413600000,1127.0,0.0
1579413900000,1172.0,0.0
1579414200000,1246.0,0.0
1579414500000,1647.0,0.0
1579414800000,1318.0,0.0
1579415100000,1336.0,0.0
1579415400000,1392.0,0.0
1579415700000,1454.0,0.0
1579416000000,1805.0,0.0
1579416300000,1386.0,0.0
1579416600000,1544.0,0.0
1579416900000,1596.0,0.0
1579417200000,1464.0,0.0
1579417500000,1884.0,0.0
1579417800000,1557.0,0.0
1579418100000,1839.0,0.0
1579418400000,2029.0,0.0
1579418700000,1840.0,0.0
1579419000000,1843.0,0.0
1579419300000,1895.0,0.0
1579419600000,1910.0,0.0
1579419900000,1896.0,0.0
1579420200000,1997.0,0.0
1579420500000,2091.0,0.0
1579420800000,2203.0,0.0
1579421100000,2332.0,0.0
1579421400000,1998.0,0.0
1579421700000,2418.0,0.0
1579422000000,2279.0,0.0
1579422300000,2409.0,0.0
1579422600000,2389.0,0.0
1579422900000,2282.0,0.0
1579423200000,2291.0,0.0
1579423500000,2206.0,0.0
1579423800000,2147.0,0.0
1579424100000,2316.0,0.0
1579424400000,2199.0,0.0
1579424700000,2262.0,0.0
1579425000000,2270.0,0.0
1579425300000,2108.0,0.0
1579425600000,2149.0,0.0
1579425900000,1997.0,0.0
1579426200000,1817.0,0.0
1579426500000,1895.0,0.0
1579426800000,1802.0,0.0
1579427100000,1812.0,0.0
1579427400000,1664.0,0.0
1579427700000,1653.0,0.0
1579428000000,1403.0,0.0
1579428300000,1891.0,0.0
1579428600000,1555.0,0.0
1579428900000,1451.0,0.0
1579429200000,1414.0,0.0
1579429500000,1295.0,0.0
1579429800000,1255.0,0.0
1579430100000,1178.0,0.0
1579430400000,1134.0,0.0
1579430700000,1085.0,0.0
1579431000000,1163.0,0.0
1579431300000,1158.0,0.0
1579431600000,1045.0,0.0
1579431900000,1048.0,0.0
1579432200000,1243.0,0.0
1579432500000,1112.0,0.0
1579432800000,1213.0,0.0
1579433100000,1223.0,0.0
1579433400000,1139.0,0.0
1579433700000,1190.0,0.0
1579434000000,1332.0,0.0
1579434300000,1420.0,0.0
1579434600000,1172.0,0.0
1579434900000,1317.0,0.0
1579435200000,1393.0,0.0
1579435500000,1436.0,0.0
1579435800000,1410.0,0.0
1579436100000,1275.0,0.0
1579436400000,1472.0,0.0
1579436700000,1388.0,0.0
1579437000000,1382.0,0.0
1579437300000,1524.0,0.0
1579437600000,1767.0,0.0
1579437900000,1828.0,0.0
1579438200000,1529.0,0.0
1579438500000,1578.0,0.0
1579438800000,1548.0,0.0
1579439100000,1676.0,0.0
1579439400000,1615.0,0.0
1579439700000,1535.0,0.0
1579440000000,1580.0,0.0
1579440300000,1420.0,0.0
1579440600000,1391.0,0.0
1579440900000,1536.0,0.0
1579441200000,1437.0,0.0
1579441500000,1463.0,0.0
1579441800000,1490.0,0.0
1579442100000,1424.0,0.0
1579442400000,1411.0,0.0
1579442700000,1253.0,0.0
1579443000000,1254.0,0.0
1579443300000,1269.0,0.0
1579443600000,1139.0,0.0
1579443900000,1161.0,0.0
1579444200000,1133.0,0.0
1579444500000,1056.0,0.0
1579444800000,1182.0,0.0
1579445100000,977.0,0.0
1579445400000,978.0,0.0
1579445700000,909.0,0.0
1579446000000,926.0,0.0
1579446300000,858.0,0.0
1579446600000,899.0,0.0
1579446900000,751.0,0.0
1579447200000,820.0,0.0
1579447500000,637.0,0.0
1579447800000,601.0,0.0
1579448100000,677.0,0.0
1579448400000,515.0,0.0
1579448700000,608.0,0.0
1579449000000,536.0,0.0
1579449300000,531.0,0.0
1579449600000,473.0,0.0
1579449900000,402.0,0.0
1579450200000,440.0,0.0
1579450500000,303.0,0.0
1579450800000,285.0,0.0
1579451100000,283.0,0.0
1579451400000,215.0,0.0
1579451700000,194.0,0.0
1579452000000,140.0,0.0
1579452300000,104.0,0.0
1579452600000,104.0,0.0
1579452900000,174.0,0.0
1579453200000,86.0,0.0
1579453500000,118.0,0.0
1579453800000,90.0,0.0
1579454100000,62.0,0.0
1579454400000,33.0,0.0
1579454700000,51.0,0.0
1579455000000,82.0,0.0
1579455300000,28.0,0.0
1579455600000,50.0,0.0
1579455900000,15.0,0.0
1579456200000,32.0,0.0
1579456500000,14.0,0.0
1579456800000,10.0,0.0
1579457100000,21.0,0.0
1579457400000,21.0,0.0
1579457700000,27.0,0.0
1579458000000,21.0,0.0
1579458300000,23.0,0.0
1579458600000,14.0,0.0
1579458900000,15.0,0.0
1579459200000,9.0,0.0
1579459500000,14.0,0.0
1579459800000,13.0,0.0
1579460100000,5.0,0.0
1579460400000,1.0,0.0
1579460700000,3.0,0.0
1579461000000,9.0,0.0
1579461300000,3.0,0.0
1579461600000,5.0,0.0
1579461900000,13.0,0.0
1579462200000,8.0,0.0
1579462500000,5.0,0.0
1579462800000,4.0,0.0
1579463100000,6.0,0.0
1579463400000,6.0,0.0
1579463700000,3.5,0.0
1579464000000,1.0,0.0
1579464300000,15.0,0.0
1579464600000,16.0,0.0
1579464900000,4.0,0.0
1579465200000,6.0,0.0
1579465500000,9.0,0.0
1579465800000,6.0,0.0
1579466100000,6.5,0.0
1579466400000,7.0,0.0
1579466700000,4.0,0.0
1579467000000,16.0,0.0
1579467300000,10.0,0.0
1579467600000,8.0,0.0
1579467900000,6.0,0.0
1579468200000,3.0,0.0
1579468500000,9.0,0.0
1579468800000,6.0,0.0
1579469100000,8.0,0.0
1579469400000,3.0,0.0
1579469700000,24.0,0.0
1579470000000,8.0,0.0
1579470300000,16.0,0.0
1579470600000,16.0,0.0
1579470900000,5.0,0.0
1579471200000,7.0,0.0
1579471500000,19.0,0.0
1579471800000,10.0,0.0
1579472100000,22.0,0.0
1579472400000,5.0,0.0
1579472700000,19.0,0.0
1579473000000,12.0,0.0
1579473300000,13.0,0.0
1579473600000,28.0,0.0
1579473900000,45.0,0.0
1579474200000,73.0,0.0
1579474500000,41.0,0.0
1579474800000,72.0,0.0
1579475100000,46.0,0.0
1579475400000,79.0,0.0
1579475700000,43.0,0.0
1579476000000,51.0,0.0
1579476300000,53.0,0.0
1579476600000,74.0,0.0
1579476900000,81.0,0.0
1579477200000,90.0,0.0
1579477500000,83.0,0.0
1579477800000,75.0,0.0
1579478100000,80.0,0.0
1579478400000,93.0,0.0
1579478700000,92.0,0.0
1579479000000,148.0,0.0
1579479300000,199.0,0.0
1579479600000,252.0,0.0
1579479900000,337.0,0.0
1579480200000,282.0,0.0
1579480500000,361.0,0.0
1579480800000,401.0,0.0
1579481100000,437.0,0.0
1579481400000,645.0,0.0
1579481700000,552.0,0.0
1579482000000,712.0,0.0
1579482300000,720.0,0.0
1579482600000,721.0,0.0
1579482900000,812.0,0.0
1579483200000,826.0,0.0
1579483500000,1020.0,0.0
1579483800000,887.0,0.0
1579484100000,887.0,0.0
1579484400000,956.0,0.0
1579484700000,1072.0,0.0
1579485000000,854.0,0.0
1579485300000,814.0,0.0
1579485600000,739.0,0.0
1579485900000,1123.0,0.0
1579486200000,1272.0,0.0
1579486500000,1127.0,0.0
1579486800000,1011.0,0.0
1579487100000,820.0,0.0
1579487400000,1198.0,0.0
1579487700000,911.0,0.0
1579488000000,671.0,0.0
1579488300000,1047.0,0.0
1579488600000,833.0,0.0
1579488900000,784.0,0.0
1579489200000,615.0,0.0
1579489500000,994.0,0.0
1579489800000,1061.0,0.0
1579490100000,717.0,0.0
1579490400000,831.0,0.0
1579490700000,1241.0,0.0
1579491000000,900.0,0.0
1579491300000,1614.0,0.0
1579491600000,1711.0,0.0
1579491900000,1613.0,0.0
1579492200000,1564.0,0.0
1579492500000,1268.0,0.0
1579492800000,2004.0,0.0
1579493100000,2203.0,0.0
1579493400000,1982.0,0.0
1579493700000,1808.0,0.0
1579494000000,1642.0,0.0
1579494300000,1551.0,0.0
1579494600000,1552.0,0.0
1579494900000,1413.0,0.0
1579495200000,1423.0,0.0
1579495500000,1214.0,0.0
1579495800000,1296.0,0.0
1579496100000,1288.0,0.0
1579496400000,1199.0,0.0
1579496700000,1307.0,0.0
1579497000000,1398.0,0.0
1579497300000,1280.0,0.0
1579497600000,1206.0,0.0
1579497900000,1288.0,0.0
1579498200000,1210.0,0.0
1579498500000,1367.0,0.0
1579498800000,1374.0,0.0
1579499100000,1443.0,0.0
1579499400000,1479.0,0.0
1579499700000,1551.0,0.0
1579500000000,1447.0,0.0
1579500300000,1496.0,0.0
1579500600000,1606.0,0.0
1579500900000,1563.0,0.0
1579501200000,1465.0,0.0
1579501500000,1836.0,0.0
1579501800000,1694.0,0.0
1579502100000,1549.0,0.0
1579502400000,1870.0,0.0
1579502700000,1966.0,0.0
1579503000000,1914.0,0.0
1579503300000,1827.0,0.0
1579503600000,2069.0,0.0
1579503900000,2312.0,0.0
1579504200000,1918.0,0.0
1579504500000,2408.0,0.0
1579504800000,2127.0,0.0
1579505100000,2092.0,0.0
1579505400000,2299.0,0.0
1579505700000,2199.0,0.0
1579506000000,2494.0,0.0
1579506300000,2511.0,0.0
1579506600000,2848.0,0.0
1579506900000,3212.0,1.0
1579507200000,2676.0,0.0
1579507500000,2557.0,0.0
1579507800000,2714.0,0.0
1579508100000,2927.0,0.0
1579508400000,2689.0,0.0
1579508700000,2651.0,0.0
1579509000000,2499.0,0.0
1579509300000,2827.0,0.0
1579509600000,2959.0,0.0
1579509900000,2811.0,0.0
1579510200000,2708.0,0.0
1579510500000,2763.0,0.0
1579510800000,2653.0,0.0
1579511100000,2898.0,0.0
1579511400000,2307.0,0.0
1579511700000,2536.0,0.0
1579512000000,2716.0,0.0
1579512300000,2395.0,0.0
1579512600000,2328.0,0.0
1579512900000,2435.0,0.0
1579513200000,2182.0,0.0
1579513500000,2080.0,0.0
1579513800000,1995.0,0.0
1579514100000,1816.0,0.0
1579514400000,1665.0,0.0
1579514700000,1908.0,0.0
1579515000000,2017.0,0.0
1579515300000,1828.0,0.0
1579515600000,1695.0,0.0
1579515900000,1451.0,0.0
1579516200000,1470.0,0.0
1579516500000,1575.0,0.0
1579516800000,1507.0,0.0
1579517100000,1612.0,0.0
1579517400000,1552.0,0.0
1579517700000,1595.0,0.0
1579518000000,1558.0,0.0
1579518300000,1453.0,0.0
1579518600000,1515.0,0.0
1579518900000,1649.0,0.0
1579519200000,1433.0,0.0
1579519500000,1562.0,0.0
1579519800000,1542.0,0.0
1579520100000,1556.0,0.0
1579520400000,1764.0,0.0
1579520700000,1599.0,0.0
1579521000000,1599.0,0.0
1579521300000,1642.0,0.0
1579521600000,1717.0,0.0
1579521900000,1789.0,0.0
1579522200000,1757.0,0.0
1579522500000,1792.0,0.0
1579522800000,2003.0,0.0
1579523100000,1998.0,0.0
1579523400000,1994.0,0.0
1579523700000,2083.0,0.0
1579524000000,1998.0,0.0
1579524300000,2007.0,0.0
1579524600000,2119.0,0.0
1579524900000,1930.0,0.0
1579525200000,2097.0,0.0
1579525500000,2370.0,0.0
1579525800000,2091.0,0.0
1579526100000,2224.0,0.0
1579526400000,2536.0,0.0
1579526700000,2007.0,0.0
1579527000000,1846.0,0.0
1579527300000,2269.0,0.0
1579527600000,1750.0,0.0
1579527900000,2005.0,0.0
1579528200000,2300.0,0.0
1579528500000,1922.0,0.0
1579528800000,2009.0,0.0
1579529100000,1920.0,0.0
1579529400000,1768.0,0.0
1579529700000,1916.0,0.0
1579530000000,2130.0,0.0
1579530300000,1746.0,0.0
1579530600000,1466.0,0.0
1579530900000,1582.0,0.0
1579531200000,1718.0,0.0
1579531500000,1557.0,0.0
1579531800000,1494.0,0.0
1579532100000,1565.0,0.0
1579532400000,1423.0,0.0
1579532700000,1621.0,0.0
1579533000000,1362.0,0.0
1579533300000,1658.0,0.0
1579533600000,1237.0,0.0
1579533900000,1150.0,0.0
1579534200000,1235.0,0.0
1579534500000,1376.0,0.0
1579534800000,1075.0,0.0
1579535100000,931.0,0.0
1579535400000,1171.0,0.0
1579535700000,1017.0,0.0
1579536000000,1098.0,0.0
1579536300000,761.0,0.0
1579536600000,399.0,0.0
1579536900000,303.0,0.0
1579537200000,251.0,0.0
1579537500000,176.0,0.0
1579537800000,174.0,0.0
1579538100000,191.0,0.0
1579538400000,147.0,0.0
1579538700000,116.0,0.0
1579539000000,141.0,0.0
1579539300000,71.0,0.0
1579539600000,82.0,0.0
1579539900000,32.0,0.0
1579540200000,56.0,0.0
1579540500000,38.0,0.0
1579540800000,47.0,0.0
1579541100000,16.0,0.0
1579541400000,30.0,0.0
1579541700000,25.0,0.0
1579542000000,21.0,0.0
1579542300000,15.0,0.0
1579542600000,16.0,0.0
1579542900000,11.0,0.0
1579543200000,6.0,0.0
1579543500000,16.0,0.0
1579543800000,3.0,0.0
1579544100000,18.0,0.0
1579544400000,1.0,0.0
1579544700000,5.0,0.0
1579545000000,12.0,0.0
1579545300000,4.0,0.0
1579545600000,5.0,0.0
1579545900000,5.0,0.0
1579546200000,5.0,0.0
1579546500000,14.0,0.0
1579546800000,2.0,0.0
1579547100000,1.5,0.0
1579547400000,1.0,0.0
1579547700000,5.0,0.0
1579548000000,11.0,0.0
1579548300000,7.5,0.0
1579548600000,4.0,0.0
1579548900000,2.0,0.0
1579549200000,5.666666666666666,0.0
1579549500000,9.333333333333332,0.0
1579549800000,13.0,0.0
1579550100000,16.0,0.0
1579550400000,13.0,0.0
1579550700000,10.0,0.0
1579551000000,7.0,0.0
1579551300000,6.0,0.0
1579551600000,8.0,0.0
1579551900000,3.0,0.0
1579552200000,11.0,0.0
1579552500000,5.0,0.0
1579552800000,9.0,0.0
1579553100000,2.0,0.0
1579553400000,3.0,0.0
1579553700000,3.0,0.0
1579554000000,5.5,0.0
1579554300000,8.0,0.0
1579554600000,9.0,0.0
1579554900000,2.0,0.0
1579555200000,4.0,0.0
1579555500000,14.5,0.0
1579555800000,25.0,0.0
1579556100000,13.0,0.0
1579556400000,8.0,0.0
1579556700000,6.0,0.0
1579557000000,7.0,0.0
1579557300000,9.0,0.0
1579557600000,10.0,0.0
1579557900000,17.0,0.0
1579558200000,17.0,0.0
1579558500000,13.0,0.0
1579558800000,29.0,0.0
1579559100000,27.0,0.0
1579559400000,32.0,0.0
1579559700000,22.0,0.0
1579560000000,22.0,0.0
1579560300000,47.0,0.0
1579560600000,22.0,0.0
1579560900000,14.0,0.0
1579561200000,34.0,0.0
1579561500000,49.0,0.0
1579561800000,49.0,0.0
1579562100000,33.0,0.0
1579562400000,34.0,0.0
1579562700000,43.0,0.0
1579563000000,56.0,0.0
1579563300000,64.0,0.0
1579563600000,24.0,0.0
1579563900000,69.0,0.0
1579564200000,76.0,0.0
1579564500000,94.0,0.0
1579564800000,102.0,0.0
1579565100000,107.0,0.0
1579565400000,132.0,0.0
1579565700000,140.0,0.0
1579566000000,142.0,0.0
1579566300000,215.0,0.0
1579566600000,230.0,0.0
1579566900000,239.0,0.0
1579567200000,658.0,0.0
1579567500000,318.0,0.0
1579567800000,355.0,0.0
1579568100000,422.0,0.0
1579568400000,445.0,0.0
1579568700000,541.0,0.0
1579569000000,591.0,0.0
1579569300000,609.0,0.0
1579569600000,633.0,0.0
1579569900000,766.0,0.0
1579570200000,702.0,0.0
1579570500000,670.0,0.0
1579570800000,824.0,0.0
1579571100000,596.0,0.0
1579571400000,610.0,0.0
1579571700000,529.0,0.0
1579572000000,384.0,0.0
1579572300000,753.0,0.0
1579572600000,641.0,0.0
1579572900000,665.0,0.0
1579573200000,658.0,0.0
1579573500000,851.0,0.0
1579573800000,901.0,0.0
1579574100000,819.0,0.0
1579574400000,874.0,0.0
1579574700000,998.0,0.0
1579575000000,693.0,0.0
1579575300000,700.0,0.0
1579575600000,837.0,0.0
1579575900000,857.0,0.0
1579576200000,611.0,0.0
1579576500000,730.0,0.0
1579576800000,884.0,0.0
1579577100000,924.0,0.0
1579577400000,1274.0,0.0
1579577700000,1194.0,0.0
1579578000000,1314.0,0.0
1579578300000,1576.0,0.0
1579578600000,1384.0,0.0
1579578900000,1442.0,0.0
1579579200000,1306.0,0.0
1579579500000,1481.0,0.0
1579579800000,1225.0,0.0
1579580100000,1042.0,0.0
1579580400000,997.0,0.0
1579580700000,936.0,0.0
1579581000000,968.0,0.0
1579581300000,850.0,0.0
1579581600000,876.0,0.0
1579581900000,909.0,0.0
1579582200000,920.0,0.0
1579582500000,817.0,0.0
1579582800000,798.0,0.0
1579583100000,907.0,0.0
1579583400000,943.0,0.0
1579583700000,889.0,0.0
1579584000000,870.0,0.0
1579584300000,902.0,0.0
1579584600000,777.0,0.0
1579584900000,1087.0,0.0
1579585200000,972.0,0.0
1579585500000,910.0,0.0
1579585800000,923.0,0.0
1579586100000,948.0,0.0
1579586400000,1049.0,0.0
1579586700000,943.0,0.0
1579587000000,960.0,0.0
1579587300000,1101.0,0.0
1579587600000,936.0,0.0
1579587900000,988.0,0.0
1579588200000,1198.0,0.0
1579588500000,1013.0,0.0
1579588800000,1421.0,0.0
1579589100000,1205.0,0.0
1579589400000,1217.0,0.0
1579589700000,1495.0,0.0
1579590000000,1451.0,0.0
1579590300000,1443.0,0.0
1579590600000,1415.0,0.0
